Product,Product URL,Image URL,MXN,MXN to USD Rate,USD,Stars,Status,Seller,Marca,Brand Extraction Method,Description,Shipping,Discount,Reviews Count,Category,Sale Price USD,Short Name
Tablet Apple iPad 9na Gen 10.2'' Wifi 64gb Gris Espacial Versión 2021 A2602 3 GB Ram,https://articulo.mercadolibre.com.mx/MLM-1808716641-tablet-apple-ipad-9na-gen-102-wifi-64gb-gris-espacial-version-2021-a2602-3-gb-ram-_JM#polycard_client=offers&deal_print_id=03104cb4-a9c1-4a85-ba48-7e7faa7ea72f&wid=MLM1808716641&sid=offers,"data:image/gif;base64,R0lGODlhAQABAIAAAAAAAP///yH5BAEAAAAALAAAAAABAAEAAAIBRAA7",8365,,418.25,4.9,(+20 disponibles),Celcom,Apple,Strategy 1: Brand link or title,"Lleno de potencia, muy fácil de usar y versátil. El iPad viene con una espectacular pantalla Retina de 10.2 pulgadas, el potente chip A13 Bionic y una cámara frontal ultra gran angular con Encuadre Centrado. Además, es compatible con el Apple Pencil y el Smart Keyboard.(1)Con el iPad, harás de todo como si nada. Y por menos de lo que imaginas.Avisos legalesLas apps están disponibles en el App Store. La disponibilidad de títulos está sujeta a cambios. (1) Los accesorios se venden por separado. La compatibilidad varía según la generación. (2) La duración de la batería varía según el uso y la configuración.Aviso legal• La duración de la batería depende del uso que se le dé al producto.",Free Shipping,42% OFF,6156,Computación,242.59,Tablet Apple iPad...
Excellent Urinary Alimento Seco Para Gato 3kg,https://articulo.mercadolibre.com.mx/MLM-1820925898-excellent-urinary-alimento-seco-para-gato-3kg-_JM#polycard_client=offers&deal_print_id=d114209b-aecd-4ab9-a71c-be54293f778a&wid=MLM1820925898&sid=offers,"data:image/gif;base64,R0lGODlhAQABAIAAAAAAAP///yH5BAEAAAAALAAAAAABAAEAAAIBRAA7",499,,24.95,4.9,(+50 disponibles),Golden Pets,Excellent,Strategy 1: Brand link or title,"Excellent es la línea de alimento súper premium de Purina con un sistema nutricional completo y balanceado desarrollado por nutricionistas y aprobado por veterinarios especialistas. Urinary de Excellent para gato adulto utiliza fuentes de proteína de alta digestibilidad que garantizan el aporte de aminoácidos que ayudan al correcto mantenimiento de los músculos y la condición corporal, con el nivel de sodio adecuado y los ingredientes ideales para ayudar a incrementar el consumo de agua, y mantener el pH óptimo en la orina, contribuyendo a reducir los cálculos y cristales manteniendo saludable el tracto urinario.BeneficiosPurina Excellent Urinary Receta Pollo y Arroz es alimento seco de cuidado urinario para gato adulto.  Con fuentes de proteína de alta digestibilidad para garantizar el aporte de aminoácidos esenciales.  Con un adecuado nivel de sodio para ayudar a incrementar la ingesta de agua, diluyendo la orina.  Ayuda a lograr un pH adecuado de la orina ayudando a reducir la formación de cálculos y cristales.  Formulado especialmente para ayudar a cubrir las necesidades energéticas de felinos domésticos.  Smart Nutrición by Purina son componentes de calidad y beneficios comprobados científicamente.",Free Shipping,16% OFF,4676,Animales y Mascotas,20.96,Excellent Urinary Alimento...
Alimento Seco Para Gato Purina Excellent Urinary 7.5kg,https://articulo.mercadolibre.com.mx/MLM-1810308290-alimento-seco-para-gato-purina-excellent-urinary-75kg-_JM#polycard_client=offers&deal_print_id=9dc48b1a-6595-4e92-971a-2da17845892c&wid=MLM1810308290&sid=offers,"data:image/gif;base64,R0lGODlhAQABAIAAAAAAAP///yH5BAEAAAAALAAAAAABAAEAAAIBRAA7",899,,44.95,4.9,(+50 disponibles),Golden Pets,Excellent,Strategy 1: Brand link or title,"Purina® Excellent® Gato Urinary, Bolsa De 7.5 Kg, es la opción ideal para cuidar la salud de tu gato adulto. Este alimento seco está formulado especialmente para satisfacer las necesidades urinarias de tu mascota, garantizando un aporte nutricional completo y balanceado. Con un 33% de proteína bruta, proveniente de ingredientes de alta calidad como pollo y arroz, asegura un sabor único e irresistible que tu gato adorará. Además, contiene un 1.5% de fósforo y 12% de grasa, lo que contribuye a una dieta equilibrada. Su fórmula incluye minerales esenciales y fibra bruta al 3%, promoviendo una buena digestión. Sin colorantes ni saborizantes artificiales, este alimento es perfecto para mantener la salud oral de tu gato. Presentado en una práctica bolsa de 7.5 kg, es la elección perfecta para dueños que buscan lo mejor para sus felinos.",Free Shipping,10% OFF,4638,Animales y Mascotas,40.46,Alimento Seco Para...
Disco duro externo Adata HD710 Pro AHD710P-1TU31 1TB negro,https://articulo.mercadolibre.com.mx/MLM-1410755613-disco-duro-externo-adata-hd710-pro-ahd710p-1tu31-1tb-negro-_JM#polycard_client=offers&deal_print_id=c1a19ae0-78e6-4166-84e7-4cb5ad8e050e&wid=MLM1410755613&sid=offers,"data:image/gif;base64,R0lGODlhAQABAIAAAAAAAP///yH5BAEAAAAALAAAAAABAAEAAAIBRAA7",1282,,64.1,4.9,(+20 disponibles),Adata,Adata,Strategy 1: Brand link or title,"El HD710 Pro supera la durabilidad de los discos duros externos. Lo probamos más allá de los estándares de polvo e impermeabilidad IP68, además de asegurarnos de que pasa la prueba contra impactos de grado militar con una construcción con protección de triple capa.Características:Supera IP68 para soportar lo inesperado: El HD710 Pro se prueba durante 60 minutos a 2 metros bajo agua.*La protección del agua se aplica completamente cuando la tapa del puerto USB está bien cerrada.Puede soportar fácilmente caídas de 1,5 metros de altura.Gestión limpia del cableado: La unidad tiene una ingeniosa ranura alrededor de su carcasa, que sirve para guardar cómodamente el cable USB extraíble. Cuando no esté en uso, simplemente desconecte el cable, envuélvalo fácilmente alrededor del HD710 Pro y continúe.Tapa del puerto impermeable y ergonómica: A diferencia de otros discos duros externos llamados duraderos, el HD710 Pro tiene una tapa en el puerto USB fácil de usar. Sin pérdida de tiempo, sin presionar para encontrar el ángulo correcto hasta que finalmente se cierra.Su HD710 Pro se puede conectar a consolas de juego y usarse como almacenamiento de copia de seguridad para juegos que no se estén reproduciendo actualmente.Dimensiones (LA x AN x AL):	13.3 cm x 9.85 cm x 2.15 cmPeso: 270 gTemperatura de funcionamiento: 5°C(41°F) - 50°C (122°F)Voltaje de funcionamiento	DC 5V, 900mACRequisitos del sistema: Windows 7 / 8 / 8.1 / 10 / 11; Sistema operativo Mac X 10.6 o versión posterior (se debe formatear para su uso); Linux Kernel 2.6 o versión posterior.Contenido: Cable USB 3.2 Gen1; Guía de inicio rápido.",Free Shipping,12% OFF,2123,Computación,56.41,Disco duro externo...
Pants/disfraz 2 En 1 Rider/ryder Paw Patrol,https://articulo.mercadolibre.com.mx/MLM-837018825-pantsdisfraz-2-en-1-riderryder-paw-patrol-_JM#polycard_client=offers&deal_print_id=5f045680-4ec2-42ff-8e78-238f77b61511,"data:image/gif;base64,R0lGODlhAQABAIAAAAAAAP///yH5BAEAAAAALAAAAAABAAEAAAIBRAA7",400,,20.0,4.9,(+10 disponibles),MAOS_ESHOP,Genérica para disfraz,Strategy 2: JSON-LD script,"HERMOSO DISFRAZ 2 EN 1, APARTE DE DISFRAZ SIRVE COMO PANTS, A TI Y A TU PEQUEÑO LES ENCANTARÁ.:::::::::::::::::::::::::::::::::::::::::::::::::::::::::::::::::::::::::::::::::::::::::::::::::::::::::::::::::::::::::::::::::::::::::::::::::::::::::- Elaborado por manos mexicanas con tela Sportock doble textura; por el exterior es liso, resistente y duradero, mientras el interior es afelpado permitiendo que sea suave, térmico y transpirable.- Bordados al frente y atrás con materiales de calidad, el bordado de la espalda es grande sobresale al ancho del cuello, tal cual se aprecia en la imagen.- Pantalón con bolsas a los lados y elástico en cintura para un mejor ajuste::::::::::::::::::::::::::::::::::::::::::::::::::::::::::::::::::::::::::::::::::::::::::::::::::::::::::::::::::::::::::::::::::::::::::::::::::::::::*¿Dudas en tu compra? Con gusto las resolvemos:::::::::::::::::::::::::::::::::::::::::::::::::::::::::::::::::::::::::::::::::::::::::::::::::::::::::::::::::::::::::::::::::::::::::::::::::::::::::Compartimos medidas por talla para una mejor decisión (medidas tomadas por el frente de la prenda sobre una superficie plana).TALLA 2Hombro: 31cmLargo: 35 cmManga: 34 cmLargo de pantalón: 53 cmCintura: Ajustable resorteTALLA 4Hombro: 33 cmLargo: 41 cmManga: 37 cmLargo de pantalón: 61 cmCintura: Ajustable resorteTALLA 6Hombro: 34 cmLargo: 46 cmManga: 40 cmLargo de pantalón: 71 cmCintura: Ajustable resorteTALLA 8Hombro: 37 cmLargo: 51 cmManga: 42 cmLargo de pantalón: 77 cmCintura: Ajustable resorteTALLA 10Hombro: 38 cmLargo: 52 cmManga: 45 cmLargo de pantalón: 84 cmCintura: Ajustable resorteTALLA 12Hombro: 40 cmLargo: 55 cmManga: 47 cmLargo de pantalón: 88 cmCintura: Ajustable resorte:::::::::::::::::::::::::::::::::::::::::::::::::::::::::::::::::::::::::::::::::::::::::::::::::::::::::::::::::::::::::::::::::::::::::::::::::::::::::TENEMOS MAS DE 30 DISEÑOS CON EL CONCEPTO DISFRAZ 2 EN 1, CÓNOCELOS EN LA OPCIÓN ""VER MAS PUBLICACIONES DEL VENDEDOR""TU COMPRA ESTA PROTEGIDA HASTA QUE TIENES EL PRODUCTO EN TUS MANOS CON OPCIÓN A DEVOLVER DE MANERA GRATUITA.",Free Shipping,5% OFF,1988,"Recuerdos, Cotillón y Fiestas",19.0,Pants/disfraz 2 En...
Calculadora Cientifica Casio Fx-82la Plus2 252 Funciones Color Rosa,https://articulo.mercadolibre.com.mx/MLM-2677313984-calculadora-cientifica-casio-fx-82la-plus2-252-funciones-color-rosa-_JM#polycard_client=offers&deal_print_id=4f959d45-4506-4e32-8b70-ce10f0decb8e&wid=MLM2677313984&sid=offers,"data:image/gif;base64,R0lGODlhAQABAIAAAAAAAP///yH5BAEAAAAALAAAAAABAAEAAAIBRAA7",369,,18.45,4.9,(+50 disponibles),Office Lab,Casio,Strategy 1: Brand link or title,"Calculadora Científica Casio FX-82LAPLUS2 4 Líneas con 252 Funciones, Color a ElegirCalculadora científica Casio fx-82laplus2, disponible en varios colores, equipada con 252 funciones, pantalla de texto natural y comandos en español. Incluye factorización prima, cálculos fraccionarios, estadística, combinación y permutación, 9 variables y función de repetición múltiple.Funciones:- Funciones matemáticas básicas- Cálculo del valor absoluto- Función de potencia (al cuadrado, al cubo, raíz cuadrada)- Función trigonométrica y trigonométrica inversa- Funciones hiperbólicas e hiperbólicas inversas- Cálculo exponencial y logarítmico- Registro no de base 10- Conversión de coordenadas- Combinación/permutación- Factorización de números primos- Generación de números aleatorios y número entero aleatorio- Suma",Free Shipping,5% OFF,1468,Unknown,17.53,Calculadora Cientifica Casio...
Hills Prescription Diet C/d Urinary Care Multicare 12kg,https://articulo.mercadolibre.com.mx/MLM-1970280445-hills-prescription-diet-cd-urinary-care-multicare-12kg-_JM#polycard_client=offers&deal_print_id=cc87c37b-f407-418c-80d6-5ecb03150519,"data:image/gif;base64,R0lGODlhAQABAIAAAAAAAP///yH5BAEAAAAALAAAAAABAAEAAAIBRAA7",2777,,138.85,4.9,(+50 disponibles),Farmacia Veterinaria ALÁAK,Hill's Diet Prescription,Strategy 2: JSON-LD script,,Free Shipping,18% OFF,1050,Animales y Mascotas,113.86,Hills Prescription Diet...
Procesador Amd 7 5700g 3.8Ghz 16Mb 65w Am4 Vega,https://articulo.mercadolibre.com.mx/MLM-1347411977-procesador-amd-7-5700g-38ghz-16mb-65w-am4-vega-_JM#polycard_client=offers&deal_print_id=139745f5-06d1-4f98-b914-5935944e4a63&wid=MLM1347411977&sid=offers,"data:image/gif;base64,R0lGODlhAQABAIAAAAAAAP///yH5BAEAAAAALAAAAAABAAEAAAIBRAA7",3060,,153.0,4.9,(+20 disponibles),Ventronic,AMD,Strategy 1: Brand link or title,"Procesador AMD Ryzen 7 5700G con una frecuencia base de 3.8GHz y una frecuencia máxima de hasta 4.6GHz. Cuenta con 8 núcleos y 16 hilos, lo que proporciona un rendimiento excepcional para juegos y aplicaciones. Viene con 16MB de caché L3 y un TDP de 65W. Compatible con el socket AM4, integra gráficos Radeon Vega para una experiencia visual mejorada. Ideal para usuarios que buscan un alto rendimiento en sus actividades informáticas.",Free Shipping,3% OFF,1021,Computación,148.41,Procesador Amd 7...
Procesador Amd Ryzen 5 5600x 6 Núcleos 12 Hilos 4.6ghz Am4,https://articulo.mercadolibre.com.mx/MLM-1555918704-procesador-amd-ryzen-5-5600x-6-nucleos-12-hilos-46ghz-am4-_JM#polycard_client=offers&deal_print_id=f88db5e6-02ca-4de4-839d-2efa20a5eff0,"data:image/gif;base64,R0lGODlhAQABAIAAAAAAAP///yH5BAEAAAAALAAAAAABAAEAAAIBRAA7",4399,,219.95,4.9,(4 disponibles),DDTECHMX,AMD,Strategy 1: Brand link or title,"-------- TIENDA OFICIAL DDTECH -----------Clave en el rendimiento de tu computadora de escritorio, ya no tienes que pensar en cómo distribuir el tiempo y acciones porque ahora las tareas en simultáneo son posibles. AMD cuenta con un catálogo de productos que se adaptan a los requerimientos de todo tipo de usuarios: juegos en línea, edición a gran escala, contenido en múltiples plataformas y más.Núcleos: el corazón del procesadorEn este producto, encontrarás los núcleos, que son los encargados de ejecutar las instrucciones y actividades que le asignas a tu dispositivo. Estos tienen relación directa con dos elementos: los hilos y el modelo. Por lo tanto, a la hora de elegir un procesador, es importante que valores los tres en su conjuntoMáxima potenciaAl estar desbloqueado, podrás realizar overclocking y así aumentar la frecuencia de funcionamiento y optimizar el rendimiento de tu equipo. Personalízalo a tu gusto y disfruta de tus videojuegos o haz que la renderización de imágenes sea más ágil. ¡Descubre el abanico de posibilidades que esta función te ofrece!Procesador AMD Ryzen 5 5600X / 6 Core / 12 Thread / 3.7GHz / 4.6GHz Boost / TDP 65W / Wraith Stealth / (Requiere Tarjeta de Video) / 100-100000065BOXEspecificacionesMemoriaTipos de memoria que admite el procesador	DDR4-SDRAMVelocidad de reloj de memoria que admite el procesador	3200 MHzProcesadorFabricante de procesador	AMDFrecuencia del procesador turbo	4.6 GHzComponente para	PCModo de procesador operativo	64-bitCaché del procesador	32 MBFamilia de procesador	AMD Ryzen 5Modelo del procesador	5600XSocket de procesador	Socket AM4Caja	SiTipo de cache en procesador	L3Processor base frequency	3.7 GHzNúmero de núcleos de procesador	6Litografía del procesador	7 nmNúmero de filamentos de procesador	12GráficosAdaptador de gráficos discreto	NoModelo de gráficos en tarjeta	No disponibleModelo de adaptador de gráficos discretos	NoAdaptador gráfico en tablero	NoCaracterísticasPotencia de diseño térmico (TDP)	65 W¿Dudas de cómo comprar?Para una mejor atención, aclaramos todas tus dudas antes de realizar la compra, en la seccion de preguntasHorarios de atención de lunes a viernes de 09:00 am a 2:30pm y 3:30 a 6:30pm sábados 10:00am a 1:00pmTodos nuestros productos cuentan con IVA incluido, son precios netos, puede solicitar factura.Sera un placer atenderle.Garantía del vendedor: 12 meses",Free Shipping,28% OFF,1007,Computación,158.36,Procesador Amd Ryzen...
Gel Limpiador Avène Cleanance Purificador Rostro 400ml Tipo de piel Grasa con imperfecciones,https://articulo.mercadolibre.com.mx/MLM-2477078298-gel-limpiador-avene-cleanance-purificador-rostro-400ml-tipo-de-piel-grasa-con-imperfecciones-_JM#polycard_client=offers&deal_print_id=dc156a49-96f3-43ef-9617-a12519faf056&wid=MLM2477078298&sid=offers,"data:image/gif;base64,R0lGODlhAQABAIAAAAAAAP///yH5BAEAAAAALAAAAAABAAEAAAIBRAA7",540,,27.0,4.9,Available,Farmacia Integral,Avène,Strategy 1: Brand link or title,"Avène Cleanance Gel Limpiador Purificador Piel Grasa 400ml es un gel limpiador purificante y ligeramente espumoso diseñado para pieles grasas y con tendencia acneica. Su fórmula es respetuosa con las pieles sensibles y combina ingredientes activos con triple beneficio: proporciona una limpieza delicada mediante una base limpiadora suave, incluye Comedoclastin™, un ingrediente de origen vegetal derivado de las semillas de cardo mariano con propiedades que ayudan a reducir el exceso de sebo, y contiene Agua Termal de Avène, conocida por sus cualidades calmantes y antirritantes. La piel queda limpia, fresca, purificada y con menos brillo. El Gel limpiador Cleanance es adecuado para quienes usan lentes de contacto, mantiene un pH fisiológico, no contiene jabón y es de muy buena tolerancia cutánea. La fórmula es biodegradable.",Paid Shipping,6% OFF,1007,Belleza y Cuidado Personal,25.38,Gel Limpiador Avène...
SelectShop Signature HG12C trapeador giratorio con cubeta color negro,https://articulo.mercadolibre.com.mx/MLM-1942078971-selectshop-signature-hg12c-trapeador-giratorio-con-cubeta-color-negro-_JM#polycard_client=offers&deal_print_id=e1caf864-8f7d-40cd-95df-b7e4354a6d03&wid=MLM1942078971&sid=offers,"data:image/gif;base64,R0lGODlhAQABAIAAAAAAAP///yH5BAEAAAAALAAAAAABAAEAAAIBRAA7",399,,19.95,3.4,(+50 disponibles),Selectshop MX,SelectShop,Strategy 1: Brand link or title,"MODELO: HG12CMARCA: Select Shop SignatureMATERIAL: Policarbonato y microfibraCOLOR: Mango y cubeta colores negro, rojo o moradoDESCRIPCIÓN:Select Shop Signature facilita tus tareas en el hogar, brindándote productos útiles e innovadores que te permiten realizar tus actividades de manera rápida y eficiente,¡Encuentra toda la ayuda que tenemos para ti en Select Shop!-Juego de trapeador mop con cubeta.-La cubeta cuenta un poste para enjuagar el mop y una rejilla giratoria para retirar el exceso de humedad sin necesidad de tocar el agua.-Los bordes y acabados redondeados evitan que puedas lastimarte.-La cubeta incluye asa para transportarla.-El mango del trapeador es telescópico por lo que puedes adaptarlo a la altura que más te convenga.-El área de sujeción es ergonómica y cuenta con una perforación para que puedas guardarlo colgado.CARACTERÍSTICAS:-Cubeta, cabezal del mop y mango en policarbonato.-Rejilla exprimidora metálica.-Mecanismo de tracción manual.-Mango telescópico, de estructura tubular.-Extensión con seguro para fijar la altura, desarmable.-Mop de microfibras super absorbentes.-Incluye un mop de repuesto.MEDIDAS GENERALES DEL PRODUCTO:CUBETA-Ancho: 45 cm-Altura: 20 cm-Largo / profundidad: 25 cmMOP-Diámetro del mop: 16 cmMANGOAlto: de 70 a 100 cmMEDIDAS DEL EMPAQUE:-Ancho: 46 cm-Alto: 22 cm-Profundidad: 26 cmPESO TOTAL DEL PRODUCTO:1.3 kgPESO CON CAJA1.4 kgADVERTENCIAS:-Antes de utilizar el producto asegúrate de que todos los componentes se encuentren bien ajustados y en la posición correcta.-Revisa que el seguro del mango esté fijo antes de comenzar a trapear.-No introduzcas la mano cuando estés activando la rejilla giratoria.-No se deje al alance e los niños.",Paid Shipping,40% OFF,2691,"Hogar, Muebles y Jardín",11.97,SelectShop Signature HG12C...
Almohada Spring Air Essence Peach Feel 2 unidades Confort Suave,https://articulo.mercadolibre.com.mx/MLM-1839714558-almohada-spring-air-essence-peach-feel-2-unidades-confort-suave-_JM#polycard_client=offers&deal_print_id=27505534-8ed8-4a30-812f-7728f2a2419d&wid=MLM1839714558&sid=offers,"data:image/gif;base64,R0lGODlhAQABAIAAAAAAAP///yH5BAEAAAAALAAAAAABAAEAAAIBRAA7",949,,47.45,3.8,(+20 disponibles),Spring Air,Spring Air,Strategy 1: Brand link or title,"Set de 2 Almohadas Spring Air.Las almohadas Spring Air tienen la capacidad de recuperar su estado original y resistencia, gracias a su exclusiva tecnología Coleid Confort de fibras embobinadas, que en combinación con su funda tacto de algodón, se convertirá en tu almohada ideal, ya que brinda soporte, suavidad y frescura.Las almohadas Spring Air tienen un confort suave y no retienen olores, son hipoalérgicas y cuentan con un sistema anti ácaros. Con el duo de almohadas de Spring Air obtén un descanso profundo y reparador.Características:- Tamaño: Standard, ideal para camas individuales, matrimoniales, Queen Size y King Size.- Color: Blanco- Medidas aproximadas del producto: Largo: 68 cm x Alto:13 cm x Espesor: 13 cm.- Unidades por pack: 2- Tecnología: Coleid Comfort- Beneficios: peach feel, tacto suave, no retiene olores, hipoalérgica y anti ácaros.Composición:-Tela: 100% poliéster 85 gms-Relleno: 100% poliéster.Instrucciones de cuidado:-No mezclar con otras tonalidades.-Lavar con colores semejantes.-Lavar a máquina en ciclo normal, con agua fría (30°C).-Utilizar detergente suave.-No usar cloro ni blanqueadores.-No exprimir.-Secar en máquina a temperatura baja.-No planchar.-Se recomienda esponjar después del secado.",Free Shipping,68% OFF,5722,"Hogar, Muebles y Jardín",15.18,Almohada Spring Air...
Sujetador Pack 3 Cómodo Corrector Postura Ortopedica,https://articulo.mercadolibre.com.mx/MLM-1891157217-sujetador-pack-3-comodo-corrector-postura-ortopedica-_JM#polycard_client=offers&deal_print_id=2960ddca-4bb7-4483-8eb5-021bfecdcdbd,"data:image/gif;base64,R0lGODlhAQABAIAAAAAAAP///yH5BAEAAAAALAAAAAABAAEAAAIBRAA7",259,,12.95,3.8,(+50 disponibles),AKELIN TIENDA,"ropa para mujer,sujetador rastrillo,bracieres,ropa de mujer,ropa interior mujer",Strategy 2: JSON-LD script,"Hola, Bienvenidos a AKELIN TIENDAEsta es una tienda de alta calidad, cada uno de los productos en su interior se vende en los estantes después de nuestra cuidadosa inspección, espero que nuestros bienes y servicios puedan satisfacer sus necesidades y expectativas, traerle una buena experiencia de compra,El monto de la compra de todos los productos en esta tienda ha sido 299, y nos haremos cargo de su flete. Si desea ahorrar el flete, puede agregar todos los productos que necesita al carrito de compras y pagar juntos. graciasAtención especial: Se trata de ropa interior correccional, por lo que para funcionar mejor en la corrección del pecho. por favor, elija cuidadosamente el tamaño en función de su tamaño y hábitos de vestir habituales durante el proceso de compra para no causar devoluciones innecesarias. gracias por su comprensión y apoyo. ¿Cómo solicitar el servicio posventa?Si tiene alguna pregunta o problema sobre la compra, no necesita presentar un reclamo, solo contáctenos a través de un mensaje directo en los detalles de la compra. Debido a la diferencia horaria, es posible que no podamos responderle de inmediato, pero definitivamente lo ayudaremos con una solución satisfactoria dentro de las 24 horas. Si tiene imágenes, proporcione imágenes del producto en cuestión a tiempo. Cuando sea necesario, también necesitaremos que proporciones videos, resolveremos tus dudas lo antes posible y te daremos una solución satisfactoria.título: sujetador correctivo de tresgracias a su tejido sin costuras suave y ligero, podrás llevarlo cómodamente, de forma transpirable e invisible en tu ropa.corfinado de lenceria xxl a excepción de tu hermosa figura, nadie se dará cuenta de que lo llevas puesto.sujetador de soporte con hebilla frontal sin costuras y corrector de postura para levantar y apoyar los senos caídos, con ojales de gancho con hebilla frontal ajustable y correas entrecruzadas, brindan un excelente de efecto flexión y corrección de posturaSe recomienda un producto explosivo en la tienda,Calzoncillos de algodón de cintura alta en 6 artículos, haga clic en el enlace para comprar:https://articulo.mercadolibre.com.mx/MLM-2165910858-6pz-calzones-algodon-sin-muffin-top-cintura-alta-para-dama-_JMel diseño especial de la correa para el hombro hace que los hombros y la espalda se levanten, lo que le ayuda a mantener una postura recta y tiene suficiente espacio elástico.ropa para mujer la espalda y la columna se pueden estirar de forma natural. la suave correa para el hombro no te dejará asfixiarte ni entrar en pánico. úsalo por un día sin sentir apretado.el sujetador correctivo adopta un diseño de estabilizador de hebilla frontal de 3 niveles para reducir la grasa antiestética de las axilas o debajo a los senoshacia los senos empujando el tejido. lleve los senos el centro para obtener más un seno lleno.este este sujetador de corrección de postura se puede utilizar como corrector de postura para levantar el pecho. la oficina, la vida diaria, las citas, las bodas, las fiestas y el yoga se pueden usar para que luzca más encantadora, elegante y encantadora.-- cómo comprar varios productos al mismo tiempo1.- añade a tu carrito varios artículos que necesitas comprar. A continuación, seleccione el carrito y coloque todos los artículos en el carrito. Para que pueda comprar diferentes artículos en el mismo pedido.2.- usted puede ahorrar en el envío haciendo un pedido hasta que el monto total llegue a $299 pesos y el envío gratis (este es el caso en la mayoría de los casos, pero en algunos casos pueden ofrecer descuentos en lugar de envío gratis. Esto dependerá del peso del producto), el sistema calcula automáticamente para usted el tipo de producto que está comprando y la distancia desde el vendedor. No se requiere consulta. Puede confirmar el estado final de la entrega en la página de pago.)3. - puedes añadir otros productos para acumular esta cantidad para obtener el envío gratuito. ¡No olvides consultar nuestros otros productos! Puedes añadir más de un artículo al carrito y ahorrar en gastos de envío!>>> servicio al cliente 100% satisfechoSi no está satisfecho con el producto, no se queje directamente. Puede contactarnos y le proporcionaremos una solución más directa, rápida y satisfactoria para obtener la compensación que se merece más rápido. ¡Gracias!Acerca de nosotrosNos comprometemos a proporcionar a los clientes los productos más característicos, de alta calidad y adecuados. Al mismo tiempo, estamos motivados a satisfacer a cada cliente que compra nuestros productos, de modo que usted tenga confianza en cada producto que compra en nuestra tienda y no más preocupaciones!!!También hacemos todo lo posible para que cada cliente sea feliz y repetido.Método y tiempo de entrega:1. Usted no necesita preocuparse por el inventario. Lo que ves es lo que obtienes.2. Asignación automática por el mercado libre según su área.3. De lunes a viernes: si compra antes de las 3:30 pm el mismo día, podemosGarantía del vendedor: 30 días",Free Shipping,37% OFF,1213,"Ropa, Bolsas y Calzado",8.16,Sujetador Pack 3...
Jeans Caballero Slim Fit Mezclilla Stretch Hombre Vendyjeans,https://articulo.mercadolibre.com.mx/MLM-1714490613-jeans-caballero-slim-fit-mezclilla-stretch-hombre-vendyjeans-_JM#polycard_client=offers&deal_print_id=ac1441cd-1162-4cbd-9a8c-dd374fcfa43b,"data:image/gif;base64,R0lGODlhAQABAIAAAAAAAP///yH5BAEAAAAALAAAAAABAAEAAAIBRAA7",399,,19.95,3.9,(+50 disponibles),Shendy Vendy Oficial,VENDY JEANS,Strategy 2: JSON-LD script,"Jeans Caballero Slim Fit Mezclilla Stretch Hombre VendyjeansESPECIFICACIONES:• Color: Negro,Azul claro,Azul oscuro, Azul,Gris• Corte entuvado• No transparenta• Botones reforzados• Tiro medio• Te permite libertad de movimiento• Sensación suave con la piel• Costuras resistentesTALLAS DISPONIBLES:30  32  34  36MATERIAL:50% Algodòn30% Polièster20% SpandexSI QUIERES DIFERENTES COLORES , MODELOS Y TALLAS EN EL MISMO ENVÍO COMPRA ASÍ :1. Escoge color y talla2. Agrégalos a tu carrito de compras3. Regresas y vuelve a escoger color y talla4. Lo agregas a tu carrito de compras5. Al final revisa tu carrito que este todo bien¡ FINALIZA TU COMPRA !ENVIÓ:Puede cotizar el costo de su envío a un lado de la imagen principal indicando el número de piezas y código postal.NOTA:Nosotros no podemos cambiar NADA ya que todo sale de la bodega de Mercado LibreSALUDOS SHENDY VENDYGarantía del vendedor: 7 días",Free Shipping,58% OFF,5293,"Ropa, Bolsas y Calzado",8.38,Jeans Caballero Slim...
Kit Planchado De Ceja + Lash Lifting  +2 Pigmentos Smartlash,https://articulo.mercadolibre.com.mx/MLM-1700827601-kit-planchado-de-ceja-lash-lifting-2-pigmentos-smartlash-_JM#polycard_client=offers&deal_print_id=db7435a5-530e-4165-9de4-1550c2cc4c43,"data:image/gif;base64,R0lGODlhAQABAIAAAAAAAP///yH5BAEAAAAALAAAAAABAAEAAAIBRAA7",425,,21.25,4.0,(+50 disponibles),Keratin Shop,Smart Lash,Strategy 1: Brand link or title,"SMART LASH PROFESIONAL                  LASH LIFTING BROW LAMINATION & TINT- RIZADO PESTAÑAS -PLANCHADO DE CEJA- TINTE I(NCLUYE 2 TONOS)-------------------------------------------------------------------------------------------------LO QUE OBTIENES:1. Bigudíes de silicona: 5 pares (S, M, M1, M2, L)2. Cepillo blanco : 5 unid3. Cleaneser ( limpiador ): 1 unid4. Fijación: 1 unid5. Permanente : 1 unid6. Agente hidratante: 1 unid7. Pegamento para Pestaña y Cejas : 1 unid c/ u8. Cepillos desechables 5 unid9. Parches de Hidrogel 5 unid10. Cepillo de Limpieza 5 unid.11 . Tinte Black12 Tinte Brown-----------------------------------------------------------------------------------------------------------------CARACTERÍSTICAS DEL KIT DE PIGMENTACIÓN PERMANENTE• Resultado de aspecto natural y duradero• Cobertura de color• Fórmula de calidad profesional única que te permite hacer rizado de pestaña y laminado de cejas • Tiempo de aplicación corto resultados duraderos Rinde hasta 10 aplicaciones-------------------------------------------------------------------------------------------------------------- MODO DE USO.* VER FOTOGRAFÍAS SECUNDARIAS PARA VER EL PASO A PASO DE PLANCHADO DE CEJA Y RIZADO DE PESTAÑA CON TINTE -----------------------------------------------------GARANTÍATODOS NUESTROS PRODUCTOS CUENTAN CON GARANTÍA OFICIAL.La GARANTÍA cubre solamente mercadería defectuosa de fabricación. El producto debe conservar su embalaje original sin ser abierto ni utilizado y con accesorios completos.NO aceptamos devoluciones de productos abiertos y utilizados.--------------------------------------------------------------------------------------------------------------------¿DUDAS? PREGUNTAS MAS FRECUENTES¿HAY STOCK?Si, todas nuestras publicaciones las mantenemos actualizadas, por lo tanto, si lo vez publicado es por qué si contamos con stock.¿CUALES SON LOS MÉTODOS DE PAGO QUE ACEPTAN?Mercado Pago, ofrece varias alternativas, desde pagar con Tarjeta Débito o Crédito, Depósito Bancario, Pago en Oxxo, PayPal, Saldo de Mercado Pago entre otros.¿CUÁNDO LLEGA MI PAQUETE SI LO COMPRO HOY?El tiempo de entrega es de 1 a 2 días, si la publicación tiene el icono FULL podrá ser entregado inclusive el mismo día o día siguienteEn domicilios remotos o retirados podrá demorar 3 días.En el apartado "" Detalle de mi compra"" podrás visualizar el estatus de tu paqueteLa sugerencia siempre será hacer sus compras anticipadamente y evitar posibles imprevistos.¿ES ORIGINAL?Solo vendemos productos Originales, puedes tener seguridad que recibirás producto 100% Original en cualquier compra de nuestra tienda.FACTURACIÓNEs importante que en caso de requerir factura previo a realizar su compra llene todos sus datos fiscales como RFC, Domicilio Fiscal, Nombre Completo, nuestro sistema tomara tal cual los datos que estén registrados en su cuenta, Recuerde activar la casilla recibir la factura automáticamente, De modo contrario tendrá 24 horas a partir de la compra para poder realizar facturación Keratin Shop le da las Gracias Por último , si el producto que compro cumplió con sus expectativas le invitamos a calificarlo, le estaremos enormemente agradecidos.Garantía del vendedor: 10 días",Free Shipping,6% OFF,2322,Belleza y Cuidado Personal,19.97,Kit Planchado De...
Pantalon Con Pinzas De Vestir Elegante Cintura Alta,https://articulo.mercadolibre.com.mx/MLM-1436316546-pantalon-con-pinzas-de-vestir-elegante-cintura-alta-_JM#polycard_client=offers&deal_print_id=193c988b-98cd-45a0-93f8-2071024207c8,https://http2.mlstatic.com/D_Q_NP_712898-MLM53250230530_012023-R.jpg,290,,14.5,4.0,(+50 disponibles),CARLOSLOPEZ GIO,López,Strategy 2: JSON-LD script,"Tela Milenium ,es strech, tomar en cuenta que se amolda al cuerpo.IMPORTANTE LEER : EL cierre o zip al subirlo tiene un seguro o pequeña cuñita en el corredor para q no se baje , al subirlo se tiene q acomodar y el cierre ya no se baja . Pantalon de vestir con pinzas , también se maneja en short con pinzas ( lo puede encontrar en más publicaciónes del vendedor ) -alta calidad - dan muy buena forma - duran mucho - el color se mantiene - Hecho en México .Productos 100 % Mexicano .Si tiene q realizar una devolución y es más de una unidad , es importante que a cada producto le ponga su propia etiqueta y ML le haga la devolución de su dinero completo si tiene algun problema con su compra o el producto puede enviar mensaje antes de iniciar un reclamo para poder dar una solucion mas rapida y efectiva. graciasPuede aclarar todas sus dudas en la sección de preguntas .",Free Shipping,5% OFF,1606,"Ropa, Bolsas y Calzado",13.77,Pantalon Con Pinzas...
Colchón Individual Memory Foam Con Resorte Ortopédico,https://articulo.mercadolibre.com.mx/MLM-1990286782-colchon-individual-memory-foam-con-resorte-ortopedico-_JM#polycard_client=offers&deal_print_id=0be58a84-0c4f-4b29-a92d-2b19be241fe5,"data:image/gif;base64,R0lGODlhAQABAIAAAAAAAP///yH5BAEAAAAALAAAAAABAAEAAAIBRAA7",3499,,174.95,4.0,(2 disponibles),Selectshop MX,Selectshop MX,Strategy 1: Brand link or title,"COLCHÓN BLANCO DE ESPUMA Y RESORTESMODELO: HG13C6MARCA:  SelectShopMATERIAL: Espuma Viscoelástica, poliéster y metalTAMAÑO : INDIVIDUAL COLOR: Blanco DESCRIPCIÓN: Descansa plácidamente en uno de nuestros colchones SelectShop Signature, que te garantizan un sueño confortable y reparador.El colchón de espuma y resortes sigue siendo el ideal, para personas que requieren de soporte y firmeza al momento de dormir: la capa superior de espuma viscoelástica te brinda comodidad mientras que el sistema de resortes soporta todo tu cuerpo.CARACTERÍSTICAS:-Tamaño individual.-Una sola cara.-Memory Foam hipoalergénico de 4 cm de grosor en una sola cara.-Resortes metálicos de acero reforzado.-Funda exterior de poliéster.-Empacado al vacío.-Soporta 120 kg.MEDIDAS GENERALES DEL PRODUCTO:-Ancho: 99 cm-Altura: 17 cm-Largo / profundidad: 190 cm-Peso: 16 kgMEDIDAS DEL EMPAQUE:-Ancho: 26 cm-Altura: 107 cm-Largo / profundidad: 26 cm-Peso: 18 kgADVERTENCIAS:Asegúrate de dejar expandir el colchón por al menos media hora antes de utilizarlo.Utiliza el colchón por el lado con la cara de Memory Foam.FACTURACIÓN: En el momento en que recibas tu compra se enviará, de manera automática, un link para que puedas generar tu factura. Recuerda introducir el número de orden de compra SIN ESPACIOS para que la plataforma lo lea correctamente.Si por alguna razón la plataforma te muestra un mensaje de ERROR, te pedimos que tengas paciencia e intentes realizar el proceso más tarde.Si el problema persiste, por favor deja un mensaje en el área de tu compra para poder ayudarte.Si por alguna razón debes de refacturar tu compra solicita a través de los mensajes de tu compra pero solo podremos hacerlo dentro del mismo mes en que se realizó la primer factura.GARANTÍA: Nuestra garantía aplica con base en las políticas de Mercado Libre Full. Si requieres hacerla válida ponte en contacto con nosotros a través de los mensajes de tu compra.Recuerda que la garantía aplica de manera diferente según el producto que hayas adquirido.PREGUNTAS SOBRE TU COMPRA:Si tienes alguna duda o problema con tu compra por favor comunícate a través de los mensajes la plataforma para poder ayudarte, te responderemos lo antes posible.SI REQUIERES DEVOLVER EL PRODUCTO:Abre un reclamo en el apartado ""Es lo que compre, pero no me sirve"" para generar la guía correspondiente y puedas proceder a la devolución del producto. De esta manera tu reembolso se procesará más rápido.SelectShop está certificada como Tienda Oficial por Mercado Libre y ostenta la reputación de “Mercado Líder Platinum” debido a la variedad e innovación de nuestros productos y a los los buenos comentarios con que nos califican nuestros clientes satisfechos.Contamos con gran variedad de productos innovadores que harán más agradable tus tareas cotidianas ¡tenemos lo que todos están buscando!  Puede ser que también te interese conocer nuestras diferentes líneas de productos:Animales y Mascotashttps://listado.mercadolibre.com.mx/animales-mascotas/_Tienda_selectshop-mx#applied_filter_id%3Dcategory%26applied_filter_name%3DCategor%C3%ADas%26applied_filter_order%3D4%26applied_value_id%3DMLM1071%26applied_value_name%3DAnimales+y+Mascotas%26applied_value_order%3D2%26applied_value_results%3D6%26is_custom%3Dfalse%26view_more_flag%3DtrueElectrónicahttps://listado.mercadolibre.com.mx/celulares-telefonia/_Tienda_selectshop-mx#applied_filter_id%3Dcategory%26applied_filter_name%3DCategor%C3%ADas%26applied_filter_order%3D4%26applied_value_id%3DMLM1051%26applied_value_name%3DCelulares+y+Telefon%C3%ADa%26applied_value_order%3D5%26applied_value_results%3D15%26is_custom%3Dfalse%26view_more_flag%3DtrueBelleza y Cuidado Personalhttps://listado.mercadolibre.com.mx/belleza-cuidado-personal/_Tienda_selectshop-mx#applied_filter_id%3Dcategory%26applied_filter_name%3DCategor%C3%ADas%26applied_filter_order%3D4%26applied_value_id%3DMLM1246%26applied_value_name%3DBelleza+y+Cuidado+Personal%26applied_value_order%3D4%26applied_value_results%3D99%26is_custom%3Dfalse%26view_more_flag%3DtrueDeportes y Fitnesshttps://listado.mercadolibre.com.mx/deportes-fitness/_Tienda_selectshop-mx#applied_filter_id%3Dcategory%26applied_filter_name%3DCategor%C3%ADas%26applied_filter_order%3D4%26applied_value_id%3DMLM1276%26applied_value_name%3DDeportes+y+Fitness%26applied_value_order%3D9%26applied_value_results%3D26%26is_custom%3Dfalse%26view_more_flag%3DtrueGarantía del vendedor: 1 meses",Free Shipping,51% OFF,1322,"Hogar, Muebles y Jardín",85.73,Colchón Individual Memory...
Pack De 6 Bragas Sexy Tanga Sin Costuras Para Mujer,https://articulo.mercadolibre.com.mx/MLM-2162777820-pack-de-6-bragas-sexy-tanga-sin-costuras-para-mujer-_JM#polycard_client=offers&deal_print_id=a83d7485-d465-424e-bad1-ec210865354a,"data:image/gif;base64,R0lGODlhAQABAIAAAAAAAP///yH5BAEAAAAALAAAAAABAAEAAAIBRAA7",148,,7.4,4.0,(+50 disponibles),AKELIN TIENDA,"calzones de mujer,calzon,calzones,ropa interior mujer,lenceria para mujer,",Strategy 2: JSON-LD script,"Hola, Bienvenidos a AKELIN TIENDAEsta es una tienda de alta calidad, cada uno de los productos en su interior se vende en los estantes después de nuestra cuidadosa inspección, espero que nuestros bienes y servicios puedan satisfacer sus necesidades y expectativas, traerle una buena experiencia de compra,El monto de la compra de todos los productos en esta tienda ha sido 299, y nos haremos cargo de su flete. Si desea ahorrar el flete, puede agregar todos los productos que necesita al carrito de compras y pagar juntos. graciasTenga en cuenta: A diferencia de los productos en el mercado, somos una versión de alta calidad, que incluye varias prendas de ropa interior en la tienda, que son todos productos de alta calidad. Tenga la seguridad de comprar y seleccionar. Disponemos de un completo servicio de preventa y postventa.Nota: La diferencia de color entre la imagen y el producto real es normal. Si le importa, cómprelo con cuidado.El paquete contiene: 6 calzoncillos de diferentes colores calsones (como se muestra en la imagen)El diseño ultrafino calzones utilizado en esta ropa interior es cómodo y no engorroso. Si le importa el material ultrafino, compre con precaución.85% nylon+15% Spandex; Zona de la entrepierna: 100% algodón.Un paquete incluye: 6 piezas de bragas, multicolor, los colores se envían al azar.Tamaño:M: Cintura: 66-80 cm (26.0-31.4 pulgadas) / Peso 50-60 kgL: Cintura: 70-84 cm (27.6-33.0 pulgadas) / Peso 60-70 kgXL: cintura: 62-76 cm (29.0-34.5 pulgadas) / peso 70-80 kgRecomendación: amigos con caderas más grandes, se recomienda elegir una talla más grande.Mida el tamaño de su propia cintura antes de comprar y luego compre de acuerdo con la tabla de referencia de tamaño.Los nuevos productos de la tienda (5 juegos de calzoncillos sin rastro para niñas) hacen clic en los siguientes enlaces para comprar:https://articulo.mercadolibre.com.mx/MLM-1935210763-bragas-de-seda-sin-costuras-para-mujer-5-unidades-_JMUna mezcla de nailon y spandex te permite moverte cómodamente sin resistencia. La funda está confeccionada con algodón, que es más saludable para nosotros calzones de mujer. La entrepierna de algodón suave absorbe el sudor con facilidad y reduce el desgaste de las partes íntimas.Diseño elegante: diseño sin costuras, que cubre un rango cómodo, le permite pasar un día relajante. Los hermosos diseños de tanga son realistas y le dan a la ropa interior de bikini un encanto misterioso.-- cómo comprar varios productos al mismo tiempo1.- añade a tu carrito varios artículos que necesitas comprar. A continuación, seleccione el carrito y coloque todos los artículos en el carrito. Para que pueda comprar diferentes artículos en el mismo pedido.2.- usted puede ahorrar en el envío haciendo un pedido hasta que el monto total llegue a $299 pesos y el envío gratis (este es el caso en la mayoría de los casos, pero en algunos casos pueden ofrecer descuentos en lugar de envío gratis. Esto dependerá del peso del producto), el sistema calcula automáticamente para usted el tipo de producto que está comprando y la distancia desde el vendedor. No se requiere consulta. Puede confirmar el estado final de la entrega en la página de pago.)3. - puedes añadir otros productos para acumular esta cantidad para obtener el envío gratuito. ¡No olvides consultar nuestros otros productos! Puedes añadir más de un artículo al carrito y ahorrar en gastos de envío!>>> servicio al cliente 100% satisfechoSi no está satisfecho con el producto, no se queje directamente. Puede contactarnos y le proporcionaremos una solución más directa, rápida y satisfactoria para obtener la compensación que se merece más rápido. ¡Gracias!Acerca de nosotrosNos comprometemos a proporcionar a los clientes los productos más característicos, de alta calidad y adecuados. Al mismo tiempo, estamos motivados a satisfacer a cada cliente que compra nuestros productos, de modo que usted tenga confianza en cada producto que compra en nuestra tienda y no más preocupaciones!!!También hacemos todo lo posible para que cada cliente sea feliz y repetido.Método y tiempo de entrega:1. Usted no necesita preocuparse por el inventario. Lo que ves es lo que obtienes.2. Asignación automática por el mercado libre según su área.3. De lunes a viernes: si compra antes de las 3:30 pm el mismo día, podemos organizar el producto y enviarlo por mensajería el mismo día. Si lo compras después de las 15:30 del mismo día, te lo enviaremos al día siguiente con express. El tiempo de llegada tarda generalmente 2-5 días laborables, pero depende de la compañía expresa.Sábado: si compras antes de las 11:00 am, todavía podemos enviarte el mismo día. Si compra después de las 11 am, su producto será enviado el lunes por la mañana, ya que todas las empresas de mensajería solo ofrecen un servicio de medio día el sábado.4. Usted recibirá automáticamente un número de seguimiento una vez que su paquete está en camino de modo que usted pueda seguir su paquete en cualquier momento.5. Confíe en la calidad de nuestro servicio. Si tiene alguna pregunta, deje un mensaje y póngase en contacto con nosotros. Le daremos una respuesta satisfactoria. Por favor, dénos 24 horas para ayudarlo a resolver el problema.Noticias gratuitas del mercado: si necesita atención inmediata, puede enviarnos un mensaje a través de la plataforma. Es más rápido y puede seguir cada conversación paso a paso. Estamos aquí las 24 horas del día para responder a todas sus preguntas.Garantía del vendedor: 30 días",Free Shipping,33% OFF,1070,"Ropa, Bolsas y Calzado",4.96,Pack De 6...
Licuadora Para Cocina Lagom SC3000 Rojo 2L Procesador De Alimentos Exprimidor Profesional Doméstico Comercial 6 Cuchillas De Dientes De Sierra Vaso Antiderrame Irrompible Sin Bpa Base Antideslizante,https://articulo.mercadolibre.com.mx/MLM-1901995503-licuadora-para-cocina-lagom-sc3000-rojo-2l-procesador-de-alimentos-exprimidor-profesional-domestico-comercial-6-cuchillas-de-dientes-de-sierra-vaso-antiderrame-irrompible-sin-bpa-base-antideslizante-_JM#polycard_client=offers&deal_print_id=95c027a6-28f7-4e08-a83b-8ca66e455ddd&wid=MLM1901995503&sid=offers,"data:image/gif;base64,R0lGODlhAQABAIAAAAAAAP///yH5BAEAAAAALAAAAAABAAEAAAIBRAA7",629,,31.45,4.0,(+20 disponibles),Lagom,Lagom,Strategy 1: Brand link or title,"¡Medición de velocidad precisa de 15 velocidades! ¡Motor de alta velocidad de 19999 RPM! ¡Rendimiento súper duradero de 4500 W!VASO DE TRITÁN LIBRE DE BPA DE 2000 MLExcelente capacidad, ideal para toda la familia. Transparente, resistente y libre de sustancias dañinas, tiene certificación CE, GS y ETL.6 ASPAS DE ACERO INOXIDABLE REFORZADO SIN FILOA diferencia de otras licuadoras que manejan 4 aspas, esta licuadora cuenta con 6 aspas de calidad aeronáutica, 10 veces más resistentes que las tradicionales. Molerán hasta los ingredientes más difíciles en cuestión de segundos.VELOCIDAD AJUSTABLE Y BOTÓN DE PULSOTú tienes el control, con la velocidad ajustable, logra la consistencia que buscas. Con el botón “Pulse” podrás picar ingredientes y lograr la textura deseada. LAVADO FÁCIL/AUTOLAVADO. Solo agrega agua tibia y unas gotas de jabón, enciende la licuadora y en menos de un minuto se limpiará tu vaso, además, es apto para lavavajillas.NUTRICIÓN SALUDABLELa licuadora LAGOM será la solución más sencilla para mejorar tu alimentación. La potente licuadora profesional puede romper las paredes celulares de los alimentos en cuestión de segundos. La tasa de adquisición de nutrientes de la licuadora es de más del 90% que conserva la nutrición original de los alimentos en mayor medida, ayudándote a llevar un mejor y más saludable estilo de vida.",Free Shipping,16% OFF,1032,Electrodomésticos,26.42,Licuadora Para Cocina...
Silla Begônia Mesh Ejecutiva De Oficina Altura Ajustable Color Negro,https://articulo.mercadolibre.com.mx/MLM-2151163095-silla-begnia-mesh-ejecutiva-de-oficina-altura-ajustable-color-negro-_JM#polycard_client=offers&deal_print_id=771912d5-3c08-4504-a6a5-f34ea3e8cbbe&wid=MLM2151163095&sid=offers,"data:image/gif;base64,R0lGODlhAQABAIAAAAAAAP///yH5BAEAAAAALAAAAAABAAEAAAIBRAA7",1398,,69.9,4.1,(+50 disponibles),CUORY,Begônia,Strategy 1: Brand link or title,"Silla Begônia Mesh Ejecutiva De Oficina Altura AjustableEspecificaciones:Color: NegroMarca: BegoniaOrigen: ChinaInstrucciones: Para que la palanca de ajuste de altura funcione correctamente, durante el ensamblaje, retire el tapón situado en el extremo del tubo que une la base con el asiento. Esto permitirá activar el mecanismo de la palanca para que la silla pueda elevarse y descender.Contenido del paquete:1 Silla Ejecutiva De Oficina",Free Shipping,50% OFF,2086,"Hogar, Muebles y Jardín",34.95,Silla Begônia Mesh...
Pocophone Poco M5s Dual Sim 256 Gb Gris 8 Gb Ram,https://articulo.mercadolibre.com.mx/MLM-1909761623-pocophone-poco-m5s-dual-sim-256-gb-gris-8-gb-ram-_JM#polycard_client=offers&deal_print_id=47aa7125-b1ef-4215-bc87-c5e201401cb4&wid=MLM1909761623&sid=offers,"data:image/gif;base64,R0lGODlhAQABAIAAAAAAAP///yH5BAEAAAAALAAAAAABAAEAAAIBRAA7",3452,,172.6,4.7,(+50 disponibles),JD DEP,Xiaomi,Strategy 1: Brand link or title,,Free Shipping,25% OFF,75121,Celulares y Telefonía,129.45,Pocophone Poco M5s...
Xiaomi Poco M5s 8gb 256gb 6.43 Amoled 64mp 5000mah 33w Azul,https://articulo.mercadolibre.com.mx/MLM-1898749063-xiaomi-poco-m5s-8gb-256gb-643-amoled-64mp-5000mah-33w-azul-_JM#polycard_client=offers&deal_print_id=47aa7125-b1ef-4215-bc87-c5e201401cb4&wid=MLM1898749063&sid=offers,"data:image/gif;base64,R0lGODlhAQABAIAAAAAAAP///yH5BAEAAAAALAAAAAABAAEAAAIBRAA7",3497,,174.85,4.7,(+50 disponibles),JD DEP,Xiaomi,Strategy 1: Brand link or title,,Free Shipping,26% OFF,75121,Celulares y Telefonía,129.39,Xiaomi Poco M5s...
Xiaomi Pocophone Poco M5s Dual SIM 128 GB gris 4 GB RAM,https://articulo.mercadolibre.com.mx/MLM-2019181225-xiaomi-pocophone-poco-m5s-dual-sim-128-gb-gris-4-gb-ram-_JM#polycard_client=offers&deal_print_id=47aa7125-b1ef-4215-bc87-c5e201401cb4&wid=MLM2019181225&sid=offers,"data:image/gif;base64,R0lGODlhAQABAIAAAAAAAP///yH5BAEAAAAALAAAAAABAAEAAAIBRAA7",2836,,141.8,4.7,(+50 disponibles),JD DEP,Xiaomi,Strategy 1: Brand link or title,"Fotografía profesional en tu bolsilloDescubre infinitas posibilidades para tus fotos con las 4 cámaras principales de tu equipo. Pon a prueba tu creatividad y juega con la iluminación, diferentes planos y efectos para obtener grandes resultados.Experiencia visual increíbleMira tus series y películas favoritas con la mejor definición a través de su pantalla AMOLED de 6.43"". Disfruta de colores brillantes y detalles precisos en todos tus contenidos.Mayor rendimientoSu memoria RAM de 4 GB permite que tu smartphone funcione de manera fluida y sin demoras al realizar distintas tareas, jugar o navegar.Desbloqueo facial y dactilarMáxima seguridad para que solo tú puedas acceder al equipo. Podrás elegir entre el sensor de huella dactilar para habilitar el teléfono en un toque, o el reconocimiento facial que permite un desbloqueo hasta un 30% más rápido.Batería de duración superior¡Desenchúfate! Con la súper batería de 5000 mAh tendrás energía por mucho más tiempo para jugar, ver series o trabajar sin necesidad de realizar recargas.",Free Shipping,29% OFF,75121,Celulares y Telefonía,100.68,Xiaomi Pocophone Poco...
Labial Líquido Maybelline Super Stay Matte Ink Color 135 Globe Trotter 5ml,https://articulo.mercadolibre.com.mx/MLM-1368905092-labial-liquido-maybelline-super-stay-matte-ink-color-135-globe-trotter-5ml-_JM#polycard_client=offers&deal_print_id=e04b6a96-a8b7-4b54-aefc-6f05dc49f578&wid=MLM1368905092&sid=offers,"data:image/gif;base64,R0lGODlhAQABAIAAAAAAAP///yH5BAEAAAAALAAAAAABAAEAAAIBRAA7",229,,11.45,4.8,(+50 disponibles),Maybelline,Maybelline,Strategy 1: Brand link or title,"Sé protagonista con la ayuda del labial Maybelline Super Stay. Para el día o la noche, viví el color sin necesidad de retoques. ¡Son perfectos para cualquier ocasión!Resalta tu boca:Su presentación líquida te garantizará un acabado mate y 100%. Para lograr una boca perfecta comienza utilizando la punta del aplicador para delinear cuidadosamente los labios y luego rellénalos con color, comenzando desde el centro hasta los bordes externos, con la precaución de no salirte del límite. ¡Ya estás lista para lucir tu labial preferido!",Free Shipping,37% OFF,48004,Belleza y Cuidado Personal,7.21,Labial Líquido Maybelline...
Control Xbox Series X/S/One Carbon Black Negro  Microsoft,https://articulo.mercadolibre.com.mx/MLM-878010063-control-xbox-series-xsone-carbon-black-negro-microsoft-_JM#polycard_client=offers&deal_print_id=ab3784ed-06f3-47f5-8a68-65c134bf7c7b&wid=MLM878010063&sid=offers,"data:image/gif;base64,R0lGODlhAQABAIAAAAAAAP///yH5BAEAAAAALAAAAAABAAEAAAIBRAA7",1478,,73.9,4.8,(+50 disponibles),Slang,Xbox,Strategy 1: Brand link or title,"La nueva innovación del control clásico de Xbox es mas refinada, moderna y cómoda que todas las versiones anteriores mientras mantiene todo lo que ha hecho a este diseño un pilar en la cultura del gaming.COMODIDAD INIGUALABLE: La nueva geometría refinada junto con los agarres y botones texturizados crean un sentimiento mucho mas natural en tus manos logrando que te concentres en tus juegos mas fácilmente y por mas tiempo.COMPARTE CON TUS AMIGOS: Con el nuevo botón compartir siempre a tu alcance toma fotos y videos de tus momentos favoritos y demuestra tus habilidades. ¡No pierdas ninguna memoria!JUEGA EN LO QUE QUIERAS: Ningún control es tan compatible y adaptable, juega en tu Xbox Series X, Xbox Series S, Xbox One, Windows, iOS o Android. Desde tu teléfono hasta la PC mas avanzada tu control Xbox eleva tu experiencia. SUMERGETE EN LA EXPERIENCIA: El conector de 3.5 mm te permite conectar tus audífonos para tener una experiencia mas inmersiva. ¡Vuélvete parte de tus mundos favoritos!Información Técnica:-Diseño ergonómico-Botones y agarre texturizado-Bluetooth-Compatible con Xbox Series X/S, Windows, iOS y Android-Conector 3.5 mm-Dos motores de vibración-Pilas doble AA (incluidas) para tener hasta 40 horas de autonomía.-Pad direccional hibrido-Asignación de botones",Free Shipping,27% OFF,39744,Unknown,53.95,Control Xbox Series...
Control Inalámbrico Xbox Series X/S/One Electric Volt Verde Fosforescente,https://articulo.mercadolibre.com.mx/MLM-1402941689-control-inalambrico-xbox-series-xsone-electric-volt-verde-fosforescente-_JM#polycard_client=offers&deal_print_id=c83fe82d-a6e0-43fb-be64-b9b5d4b668ce&wid=MLM1402941689&sid=offers,"data:image/gif;base64,R0lGODlhAQABAIAAAAAAAP///yH5BAEAAAAALAAAAAABAAEAAAIBRAA7",1449,,72.45,4.8,(+50 disponibles),Slang,Xbox,Strategy 1: Brand link or title,"La nueva innovación del control clásico de Xbox es mas refinada, moderna y cómoda que todas las versiones anteriores mientras mantiene todo lo que ha hecho a este diseño un pilar en la cultura del gaming.COMODIDAD INIGUALABLE: La nueva geometría refinada junto con los agarres y botones texturizados crean un sentimiento mucho mas natural en tus manos logrando que te concentres en tus juegos mas fácilmente y por mas tiempo.COMPARTE CON TUS AMIGOS: Con el nuevo botón compartir siempre a tu alcance toma fotos y videos de tus momentos favoritos y demuestra tus habilidades. ¡No pierdas ninguna memoria!JUEGA EN LO QUE QUIERAS: Ningún control es tan compatible y adaptable, juega en tu Xbox Series X, Xbox Series S, Xbox One, Windows, iOS o Android. Desde tu teléfono hasta la PC mas avanzada tu control Xbox eleva tu experiencia. SUMERGETE EN LA EXPERIENCIA: El conector de 3.5 mm te permite conectar tus audífonos para tener una experiencia mas inmersiva. ¡Vuélvete parte de tus mundos favoritos!Información Técnica:-Diseño ergonómico-Botones y agarre texturizado-Bluetooth-Compatible con Xbox Series X/S, Windows, iOS y Android-Conector 3.5 mm-Dos motores de vibración-Pilas doble AA (incluidas) para tener hasta 40 horas de autonomía.-Pad direccional hibrido-Asignación de botones",Free Shipping,32% OFF,39734,Unknown,49.27,Control Inalámbrico Xbox...
Control Inalámbrico Xbox Series S/X/One Pulse Red Rojo,https://articulo.mercadolibre.com.mx/MLM-963467809-control-inalambrico-xbox-series-sxone-pulse-red-rojo-_JM#polycard_client=offers&deal_print_id=31913774-b65d-4ba9-8c27-daa2304afdc5&wid=MLM963467809&sid=offers,"data:image/gif;base64,R0lGODlhAQABAIAAAAAAAP///yH5BAEAAAAALAAAAAABAAEAAAIBRAA7",1486,,74.3,4.8,(+50 disponibles),Slang,Xbox,Strategy 1: Brand link or title,"La nueva innovación del control clásico de Xbox es mas refinada, moderna y cómoda que todas las versiones anteriores mientras mantiene todo lo que ha hecho a este diseño un pilar en la cultura del gaming.COMODIDAD INIGUALABLE: La nueva geometría refinada junto con los agarres y botones texturizados crean un sentimiento mucho mas natural en tus manos logrando que te concentres en tus juegos mas fácilmente y por mas tiempo.COMPARTE CON TUS AMIGOS: Con el nuevo botón compartir siempre a tu alcance toma fotos y videos de tus momentos favoritos y demuestra tus habilidades. ¡No pierdas ninguna memoria!JUEGA EN LO QUE QUIERAS: Ningún control es tan compatible y adaptable, juega en tu Xbox Series X, Xbox Series S, Xbox One, Windows, iOS o Android. Desde tu teléfono hasta la PC mas avanzada tu control Xbox eleva tu experiencia. SUMERGETE EN LA EXPERIENCIA: El conector de 3.5 mm te permite conectar tus audífonos para tener una experiencia mas inmersiva. ¡Vuélvete parte de tus mundos favoritos!Información Técnica:-Diseño ergonómico-Botones y agarre texturizado-Bluetooth-Compatible con Xbox Series X/S, Windows, iOS y Android-Conector 3.5 mm-Dos motores de vibración-Pilas doble AA (incluidas) para tener hasta 40 horas de autonomía.-Pad direccional hibrido-Asignación de botones",Free Shipping,20% OFF,39535,Unknown,59.44,Control Inalámbrico Xbox...
Gel Cerave Limpiador Espumoso Piel Normal A Grasa Sin perfume De 473 Ml Día y Noche,https://articulo.mercadolibre.com.mx/MLM-2162789389-gel-cerave-limpiador-espumoso-piel-normal-a-grasa-sin-perfume-de-473-ml-dia-y-noche-_JM#polycard_client=offers&deal_print_id=47aa7125-b1ef-4215-bc87-c5e201401cb4&wid=MLM2162789389&sid=offers,"data:image/gif;base64,R0lGODlhAQABAIAAAAAAAP///yH5BAEAAAAALAAAAAABAAEAAAIBRAA7",599,,29.95,4.8,(+50 disponibles),CJ20240708160850,CeraVe,Strategy 1: Brand link or title,"Un limpiador facial espumoso es ideal para eliminar el exceso de grasa, suciedad y maquillaje, y elegir uno que sea suave, que no altere la barrera protectora natural de la piel y que al mismo tiempo contenga ingredientes que permitan mantener el equilibrio de la hidratación, lo cual puede marcar la diferencia. El Limpiador facial espumoso CeraVe contiene ceramidas, ácido hialurónico y niacinamida, que ayuda a restaurar la barrera de la piel, mantener la hidratación y calmar la piel. Este producto de la marca, ha sido desarrollado con dermatólogos para limpiar a fondo, eliminando así, el exceso de grasa y refrescar la piel sin friccionar en exceso, ni dejarla tirante y seca. Con tres ceramidas esenciales, ácido hialurónico y niacinamida, este limpiador espumoso a base de gel es una forma eficaz y no irritante de limpiar y cuidar su piel normal a grasa.Beneficio:- Adecuado para pieles normales a grasas.- Es un limpiador refrescante en con consistencia de gel espumoso.- Limpia y elimina la grasa sin alterar la barrera protectora de la piel.- Ceramidas: Que ayudan a restaurar y mantener la barrera natural de la piel.- Ácido hialurónico: Ayuda a retener la humedad natural de la piel.- Niacinamida: Ayuda a calmar la piel.- No comedogénico, no irritante y sin perfume.- Desarrollado con dermatólogos.",Free Shipping,49% OFF,34790,Belleza y Cuidado Personal,15.27,Gel Cerave Limpiador...
Audífonos Inalámbricos Bluetooth In-ear Gamer Color Blanco,https://articulo.mercadolibre.com.mx/MLM-1576177951-audifonos-inalambricos-bluetooth-in-ear-gamer-color-blanco-_JM#polycard_client=offers&deal_print_id=31913774-b65d-4ba9-8c27-daa2304afdc5,"data:image/gif;base64,R0lGODlhAQABAIAAAAAAAP///yH5BAEAAAAALAAAAAABAAEAAAIBRAA7",268,,13.4,4.4,(+50 disponibles),tiendaoficialmktan5003,MVPSMART,Strategy 2: JSON-LD script,"Bienvenido a MVPSMART Overseas Boutique! Envío gratis si tu compra es igual o superior a $299. Puedes añadir diferentes productos para acumular este importe, y tu envío es gratuito. ¡No olvides visitar nuestros otros productos! ¡Puede agregar varios artículos a su carrito y ahorrar en el envío!Servicio de atención al cliente:Si tiene algún problema, no dude en ponerse en contacto con nosotros y le proporcionaremos el mejor servicio pre y postventa.# Si tiene alguna pregunta sobre la calidad después de recibir el producto, no haga un reclamo, comuníquese primero con nuestro servicio de atención al cliente en la página de detalles de su compra y resolveremos el problema por usted.Si envía un reclamo, el procesamiento de acuerdo con las reglas de la plataforma llevará más tiempo.>>>>>Lista de embalaje<<<<<1 Caja de embalaje1 Auricular inalámbrico Bluetooth L+R1 Estuche de carga para auriculares1 Cable de carga1 Manual del productoBluetooth Modelo Sí ( R60S),El nombre de Bluetooth es (Pro6s) ,Operación simple y señal estableLa versión Bluetooth de los auriculares está actualizada a Bluetooth 5.3, que proporciona una mayor distancia de transmisión, una señal más potente y una conexión más estable.El estuche de carga de los auriculares incorpora una placa protectora de carga para una carga más estable y segura. Además, la batería del estuche de carga se puede almacenar durante más tiempo.Los auriculares han ajustado el ecualizador para canciones en español, lo que los hace más adecuados para escuchar canciones en español.Al abrir la tapa del estuche de carga, los auriculares izquierdo y derecho se encienden automáticamente y se conectan entre sí sin tener que quitarse el auricular. Esto permite conectar más rápidamente los auriculares al teléfono móvil.>>>>>Características del producto<<<<<--------------------------------------------------1.Calidad de sonido estéreo de alta fidelidad:Los auriculares inalámbricos Bluetooth con tecnología avanzada Bluetooth 5.3 ofrecen una conexión inalámbrica eficaz. Proporcionan una conexión rápida y estable con teléfonos móviles y ordenadores con Bluetooth, sin retrasos, sincronización de audio, mejor calidad de sonido y una distancia de conexión de hasta 10 metros, lo que permite disfrutar de música rápida y de alta calidad en cualquier momento y lugar;Este auriculares inalámbricos Bluetooth ofrecen una experiencia de audio de alta calidad con una respuesta de bajos clara y suave que le permitirá disfrutar de todos los estilos de música.2.Diseño ergonómico:La forma de los mini auriculares Bluetooth está cuidadosamente calculada, muy liviana, ergonómicamente diseñada para adaptarse perfectamente al oído, ya sea que esté haciendo ejercicio, corriendo, entrenando en el gimnasio, ciclismo, senderismo, yoga, fitness, los auriculares permanecerán firmemente en sus oídos;3.emparejamiento automático:La conexión se realiza en un solo paso, y la operación es conveniente y simple. Cuando saque los auriculares del estuche de carga magnética, los auriculares inalámbricos se conectarán automáticamente al último dispositivo conectado de acuerdo con un programa en la memoria. La primera conexión requiere una conexión manual;4.toque inteligente:Hay diseños táctiles inteligentes en ambos lados de los auriculares. Toque el oído izquierdo y derecho para contestar o colgar a voluntad; toque dos veces el oído derecho/izquierdo para cambiar la canción anterior/siguiente; toque el oído derecho/izquierdo tres veces para aumentar/disminuir el volumen; esto es muy útil cuando se conduce ;5.duración de la batería:La capacidad de la batería de los auriculares es de 30mah, y la capacidad de la batería del compartimento de carga es de 200mah, que es un bajo consumo de energía. El estuche de carga portátil puede proporcionar una carga rápida. Reproduce hasta 5 horas de música con una sola carga. El estuche de carga puede cargar los auriculares de 3 a 4 veces (dependiendo de cuánto tiempo use los auriculares) ;6.Auricular Compatibilidad: Amplia compatibilidad, este auricular bluetooth es compatible con IOS/Android y es compatible con cualquier teléfono móvil o computadora que se pueda conectar a través de bluetooth.-------------------------------------------------->>>>>Los pasos para conectar los auriculares bluetooth al teléfono móvil:Enlace Bluetooth: pro6s1.Active la función Bluetooth del teléfono móvil;2.Conéctese a los auriculares Bluetooth pro60s emparejados, abra la caja de los auriculares y acérquese al teléfono desbloqueado para conectarse automáticamente;3.Saque el auricular del compartimiento de carga e insertelo en su oído y ajustelo hasta que escuche un pitido.#Si seguiste los pasos anteriores, felicitaciones por tu conexión y ahora puedes escuchar canciones y hacer llamadas.Uso del producto:(1) Estado de indicación LEDEstado de carga: luz naranja intermitenteCarga completada: la luz naranja siempre está encendidaEstado de bajo consumo: el auricular tiene un tono(2) Operación de función claveEncendido: abra el compartimento de carga para encenderlo automáticamente o manténgalo presionado durante 2 segundos para encenderloApagado: cierre el compartimiento de carga y apague automáticamenteModo de emparejamiento: emparejamiento automático cuando se enciendeResponder/colgar: haga clic en los auriculares izquierdo y derecho a voluntadReproducir/Pausar: haga clic en el auricularCanción anterior/siguiente: Doble toque en el auricular derecho/Siguiente canción, Doble toque izquierdo/Canción anteriorSubir / bajar volumen: toque el auricular derecho tres veces/sube el volumen, tres veces a la izquierda/bajar volumenFunción de voz: mantenga presionado durante 2 segundos para llamar al asistente de voz--------------------------------------------{LIDUODE SERVICIO AL CLIENTE 100% SATISFACCIÓN].Si tiene alguna pregunta sobre nuestros productos, por favor contáctenos.No se recomienda reclamar a Mercado Libre ya que la resolución del problema demora aproximadamente 10 días hábiles. Si contacta con nosotros directamente, lo resolveremos en un plazo de 12 horas.En accesorios para celulares, es un gran audifonos inalambricos, es audifonos en oreja, muy confortables auriculares inalambricos! Tiene audifonos manos libres, y es profundamente ganada la Tiene audifonos manos libres, y es profundamente amado por nuestros amigos mexicanos. La elección es el valor para el dinero, usted merece confiar y poseerlo.Los usuarios del mercado libre lo recomiendan encarecidamente:¿Buscas unos audífonos que se ajusten a tu estilo de vida y te brinden una experiencia acústica excepcional?Una característica destacada por los usuarios es su duración de batería, ya que podrás disfrutar sin interrupciones durante largas sesiones musicales o llamadas telefónicas. Además, estos audífonos mantienen una conexión estable y confiable en todo momento, evitando problemas comunes como entrecruzamiento o desconexiones inesperadas.Otro aspecto valorado favorablemente es su relación calidad-precio: aunque tienen un costo accesible, ofrecen un sonido aceptable y cumplen con las expectativas para uso casual o básico. Y si hablamos de comodidad, muchos usuarios encuentran satisfactorio el nivel general al usarlos tanto en actividades diarias como deportivas.Además del rendimiento técnico impecable, destaca su estética atractiva tanto del estuche como de los propios auriculares. Su diseño moderno e innovador hará que destaques donde sea que vayas.En resumen, estos audífonos Bluetooth Oem se posicionan entre las mejores opciones disponibles actualmente gracias a sus características sobresalientes y excelente relación calidad-precio ¡No esperes más! Consigue tus nuevos compañeros auditivos hoy mismo.Garantía del vendedor: 30 díasGarantía del vendedor: 30 días",Free Shipping,56% OFF,32080,Celulares y Telefonía,5.9,Audífonos Inalámbricos Bluetooth...
"Reloj Inteligente Huawei Band 6, 1.47 Amoled, Verde",https://articulo.mercadolibre.com.mx/MLM-1337327631-reloj-inteligente-huawei-band-6-147-amoled-verde-_JM#polycard_client=offers&deal_print_id=ba881fc8-2a74-48fd-9cfe-1d7efa33c141&wid=MLM1337327631&sid=offers,"data:image/gif;base64,R0lGODlhAQABAIAAAAAAAP///yH5BAEAAAAALAAAAAABAAEAAAIBRAA7",645,,32.25,4.8,(+50 disponibles),JD DEP,Huawei,Strategy 1: Brand link or title,"Reloj Inteligente Huawei Band 6, 1.47"" Amoled, VerdeMedición de SpO2 día y noche.Pantalla FullView.Duración de la batería de 2 semanas.La Huawei Band 6 cuenta con una pantalla AMOLED FullView de 1.47 pulgadas, con un área visible 148% más grande y una relación pantalla-cuerpo de 64% con biseles estrechos. La pantalla de alta resolución de 194 x 368 con 282 PPI ofrece una visualización nítida y detallada.El gran display y la alta relación pantalla-cuerpo permiten mostrar fotos más grandes, más estadísticas de ejercicio y un monitoreo constante de la frecuencia cardiaca con detalle. Los controles intuitivos de la pantalla táctil de 4 direcciones facilitan la navegación.Personaliza la carátula para reflejar tu estado de ánimo con una gran variedad de diseños disponibles, o utiliza tus propias fotos. Cambia las carátulas con un simple deslizamiento.La Huawei Band 6 ofrece una duración de batería de 14 días para un uso típico y 10 días para un uso intensivo. Con solo 5 minutos de carga con un cargador magnético, puedes usarla durante 2 días.El monitoreo de frecuencia cardiaca TruSeenTM 4.0 utiliza una lente óptica y procesamiento de datos basado en IA para monitorear tu frecuencia cardiaca las 24 horas del día. Recibe alertas cuando tu frecuencia cardiaca descienda o suba por encima de los niveles seguros.La Huawei Band 6 monitorea la saturación de oxígeno en sangre las 24 horas del día, los 7 días de la semana. Si la saturación de oxígeno baja demasiado, la banda vibrará.TruSleepTM 2.0 detecta cuándo estás en vigilia y en uno de los cuatro estados de sueño diferentes: sueño profundo, sueño ligero, REM y siesta. Registra la calidad de tu sueño y proporciona sugerencias para mejorarlo.El control de estrés TruRelaxTM realiza un seguimiento de tus niveles de estrés y ofrece guías de entrenamiento de respiración para ayudarte a relajarte.Incluye seguimiento del ciclo menstrual con recordatorios discretos y oportunos.Establece 3 objetivos de actividad diaria: Pasos, Horas activas y Actividad de intensidad moderada a alta. La Huawei Band 6 realizará un seguimiento automático de tu progreso.Elige entre hasta 96 modos de ejercicio diferentes y lleva un registro de tu frecuencia cardiaca, calorías y más. Todos tus datos se pueden almacenar y analizar en gráficos fáciles de leer.Funciona como asistente personal permitiéndote ver llamadas y mensajes entrantes, obtener actualizaciones meteorológicas, controlar tu música y tomar fotos a través de la cámara de tu teléfono desde tu muñeca.Aviso legal• La duración de la batería depende del uso que se le dé al producto.",Free Shipping,24% OFF,30854,Celulares y Telefonía,24.51,Reloj Inteligente Huawei...
