Seller,Product_Count,Average_Price,Average_Rating
100 Por Ciento Original,2,41.96,4.75
1HORA,7,11.624285714285715,4.628571428571428
2NLF,2,55.93000000000001,4.5
3M,1,87.35,4.9
70mai,2,140.07,4.699999999999999
8EPPL1AN JUGUETERÍA,1,112.48,3.3
AA20240807064021,1,22.72,4.6
AASHTAOFICIAL,1,29.69,4.8
ABAABA20230527160856,1,5.91,4.2
ABC PIZARRONES,1,42.31,4.8
ABEIERDEABEIERDE20221027135007,2,4.21,4.550000000000001
ABIGADE,1,147.0,4.7
ABLEVAZABLEVAZ20230126151138,3,65.99,4.766666666666667
ABRACADABRADISFRACES004,1,25.13,4.4
ABSOPTIMOS,1,44.0,5.0
ACAC,1,146.25,4.5
ACCESORIOSEXCLUSIVOSMX,2,53.5,4.65
ACEROS INOXIDABLESS,1,99.75,4.6
ADFESTANTERIA,1,66.45,5.0
ADX VANGUARDIA DEPORTIVA,1,42.46,4.8
AEOLUS,4,92.0375,4.55
AERBELE,1,49.95,4.8
AESTHETIC-MEDICINE,1,80.7,4.9
AFAUTOPARTES.MX,1,49.84,4.7
AG,1,160.46,4.5
AG-WEB,19,234.21578947368423,4.684210526315789
AGJE2349900,1,35.43,4.7
AGROINSUMOS AGRODAV,1,156.4,4.8
AIC INTERNATIONAL,1,143.95,4.5
AILUNYATEFU,1,209.96,5.0
AIRDEA,1,10.28,4.6
AIRGNSMX,1,27.85,4.4
AIRUIKASAIRUIKAS20230303145548,5,29.844,4.62
AITAFY,1,20.22,4.6
AITECH MALL,1,18.71,4.9
AIWA,2,68.86,4.75
AIWANAIWAN,2,16.275,4.699999999999999
AIYINSMARTMXF,1,72.38,4.6
AJ20240912220953,4,73.595,4.675
AKAINUO AKAINUO,2,5.0649999999999995,4.5
AKELIN TIENDA,5,6.558,4.26
AKGODOFWAR,1,10.49,4.8
ALAX8932898,1,78.38,4.8
ALCORSA HERRAMIENTAS,1,299.68,4.8
ALDEAPRINT,4,11.375,4.8
ALDO CONTI ITALIA®,3,17.69,4.733333333333333
ALE7TS,1,67.28,4.7
ALEHANDELASHOPALEHANDELASHOP,1,9.9,4.9
ALET TREND,1,8.61,4.6
ALFANI,2,9.7,4.55
ALFO ONLINE,1,30.59,4.8
ALIANZA_BACKOFFICE,1,242.89,4.7
ALIMULATALIMULAT20230518001742,2,11.120000000000001,4.45
ALISHANDELAALISHANDELA20221026,2,8.350000000000001,4.7
ALIXIYAREALIXIYARE202210261540,1,67.2,4.5
ALIYADENAZHENNISI,4,14.155,4.6
ALKARALKAR20231009145807,1,43.7,5.0
ALLEYOOP_ATHLETICS,1,89.31,4.3
ALLIDEA,1,19.95,4.6
ALLMAYOREO,1,48.15,4.9
ALMARASANA20231009095512,1,18.95,4.1
ALNIAKA,1,29.2,4.5
ALURROSSBACHSADECVALURRO,2,207.985,4.85
ALUSP-VA,1,7.66,4.5
AM7 Modas,1,7.03,4.7
AMANDAAMANDA20231211190710,3,93.58999999999999,4.833333333333333
AMANIKOU20,1,6.46,4.7
AMAZING CERAMIC-WAX,1,31.28,4.7
AMEINIKAAMEINIKA20221129122739,1,99.96,4.8
AMERICAN QUALITY MOBILE,1,108.46,4.6
AMERICANBUDDY,2,86.025,4.65
AMMA Tiendita,1,8.98,4.8
ANBERX,1,26.29,4.6
ANDISHOME,1,14.15,4.7
ANDREAELIZONDO,1,26.08,4.3
ANGUGUANGUGU20230626135643,1,104.36,5.0
ANIMAL PAK,1,40.49,4.8
ANIMARKET,3,192.36333333333334,4.566666666666666
ANIRONA Official Store,10,63.166999999999994,4.720000000000001
ANIUSHOP,2,39.214999999999996,4.65
ANJILASANJILAS20221208174031,2,40.32,4.6
ANNYARUIZCAT,1,184.86,4.8
ANTUPRISS,1,25.88,4.5
AOGUSIDING,1,63.97,3.3
AONWERTYU,1,18.23,4.5
AORUI TIENDAOFICIAL,1,23.8,4.6
APPLEBERRY04,1,59.9,4.9
ARJEN KROOS,1,19.77,4.7
ARMONI,1,42.48,4.4
ARMONI MUSIC ELEMENTS,1,138.41,4.4
ARMORED TRAVEL,2,69.44,4.65
AROMA_DEL_ENCANTO,1,71.19,4.5
ARPE169272,1,75.65,5.0
ARQUITECTOMARIO,1,210.0,4.9
ARRECISHOPMEXICO,1,8.71,4.7
ARTESANIASPETUNIA,1,16.58,4.7
ARTHOOF,1,10.47,4.3
ARTICALIDAD,1,16.02,4.6
ARTICULOS ROYE,1,27.97,3.8
ARVI6898467,1,18.98,4.4
AS SPORT,1,136.88,4.4
ASESORESASESORES20230701134002,1,13.95,4.4
ASIA MAYOREO,1,331.58,4.5
ASIA1MX,1,29.9,4.8
ASSIIMM DIRECT,2,151.25,4.75
ATVERCE,1,98.44,4.8
AUDILUMPRO,2,91.685,4.7
AUDIOM STORE,1,76.45,4.7
AUDIOPOWER CAR CENTER,1,250.65,4.7
AUMUME,1,59.18,4.6
AUREOH LIFE & GARDEN,3,18.946666666666665,4.566666666666666
AURORAGAMINGMX,1,82.74,4.7
AUTO PARTES CUEVAS,2,122.60999999999999,5.0
AUTO SPEED,1,26.67,4.8
AUTO-REP,1,137.92,5.0
AUXAMY FASHION,2,11.754999999999999,4.15
AVANCE,2,275.56,4.85
AVENIDACRUZ,2,34.91,4.65
AWINNASEY,1,10.4,4.5
AYAMASAYAMAS20231025194108,1,8.91,4.5
AZM COMERCIALIZADORA,1,121.5,5.0
AZTK,7,124.56857142857143,4.6000000000000005
AZUARAPILI20230915152049,1,53.55,4.3
Acer,1,166.46,4.9
Achemex,2,480.31500000000005,4.85
Acros,7,266.26,4.7
Acteck,3,96.64333333333333,4.733333333333333
Adata,5,70.28,4.84
Adir,14,81.51,4.55
Aesa,12,35.8525,4.6000000000000005
Aindi Mexico,4,263.1925,4.85
Aires Aurum,4,334.58000000000004,4.75
Akron,1,31.05,4.8
Albapesa,1,28.18,4.6
Alemine Style,2,99.96,4.55
Alfer Home,2,8.955,4.75
Alpha & Omega,1,146.3,4.9
Altera,16,175.8975,4.7375
Amazfit,1,139.02,4.8
Amazing Nutrition,1,26.42,4.7
Ambient21,3,21.75,4.566666666666666
American Eagle,1,34.96,5.0
American Leader,5,13.815999999999999,4.68
Amikoo Peek,1,208.96,4.4
Amora Beauty Market,33,49.734848484848484,4.6030303030303035
Amulay,8,66.14125,4.8500000000000005
Anautomy,1,139.72,5.0
Andrea,21,31.04047619047619,4.6
Android Comercializadora,5,233.132,4.7
Andromeda Inc,1,20.04,4.3
Anfei,6,52.974999999999994,4.683333333333334
Ann Chery,1,70.56,4.8
Aocwei tablet,4,85.905,4.55
Aona,3,16.97666666666667,4.333333333333333
Apache,2,82.475,4.9
Apantallate,8,254.13500000000002,4.6375
Aqua Productos,1,84.15,4.8
ArcInTech,1,384.75,4.3
Arcoshop,2,63.709999999999994,4.85
Arome Mexico,2,52.82,4.35
Artego,9,156.48444444444442,4.822222222222222
Asics,2,142.385,5.0
Atlas,3,292.3566666666667,4.633333333333334
Atma,1,225.73,4.8
AudioOnline,3,126.94333333333333,4.933333333333334
Audiobahn Audio Profesional,3,231.74666666666667,4.8999999999999995
AutoDepot Aguascalientes,4,97.395,4.725
Auusda,1,184.68,4.6
Avera,2,101.975,4.6
Axcent Italy,2,100.67,4.85
B Life,12,22.123333333333335,4.7749999999999995
BAAXALMX,1,64.36,4.7
BABY BOGUCE,1,49.76,5.0
BAEZALSTORE,1,39.46,4.6
BAINITUOSHOPBAINITUOSHOP,2,95.595,4.800000000000001
BALENOBAY,1,11.46,4.6
BALULAASHOPBALULAASHOP,3,85.49333333333334,4.566666666666666
BANGSAPHANBANGSAPHAN2022121518,1,4.38,4.9
BAOFENG,2,55.239999999999995,4.75
BAOZHENSHOP,1,39.6,4.3
BARBARAASHOPBARBARAASHOP,1,117.41,5.0
BARBERFANS,1,91.31,4.6
BARVONAYBARVONAY20230321185452,1,6.73,4.6
BASA LÍNEA BLANCA Y FERRETERÍA,1,332.86,3.7
BASAINAERBASAINAER202212081804,1,46.45,5.0
BASARIWORLD.COM,1,33.31,4.8
BASICS26,1,52.2,4.6
BASVID,1,28.45,4.4
BATELUE VENTAS,2,8.16,4.7
BAUROSABAUROSA20230513174248,2,97.49000000000001,4.8
BAZARUMX,6,95.26666666666667,4.783333333333333
BBDFGACEH90512,1,24.92,4.5
BBS Hair Goods,2,211.625,4.800000000000001
BC20241002164320,1,31.35,5.0
BDMFIL,1,12.78,4.8
BE WOOD,1,89.0,5.0
BEAUTTY HOME,1,23.23,4.6
BEAUTYMALLMX,1,143.28,5.0
BECERRILCARLOS1010,1,79.42,5.0
BECFBDAHG54991,1,60.42,4.5
BEILISISHOP MÉXICO,1,49.28,4.1
BELACOCO,1,145.21,5.0
BELENBERENICELOPEZCARDENAS,1,143.51,4.9
BELKERCOMERCIOELECTRONICO,1,12.45,4.8
BELOVEDBABY,2,117.5,4.7
BENGALI,6,192.79166666666666,4.733333333333333
BERMUDEZRHODE20230304144800,2,66.285,4.550000000000001
BEST HEALTH,1,54.0,4.5
BESTGOTECHNOLOGYLIMITEDSAD,2,47.175,5.0
BESTIOSADECVBESTIOSADECV,3,102.78333333333335,4.733333333333333
BESTLLUMTECHNOLOGYLIMITEDBE,5,80.26400000000001,4.66
BETENSH OFFICIALS,4,72.3625,4.15
BIBI20240209192723,1,76.61,4.5
BIBILE SHOP,1,78.71,4.7
BICICLETAS CAYETANO VEGA,2,184.58499999999998,5.0
BICIMOTOSCOMMX,1,344.97,5.0
BICLA33,1,62.16,5.0
BIG CITY,6,10.229999999999999,4.55
BIGVIEWTIENDAOFICIALMXF,1,38.49,4.3
BIKERS STUFF,1,208.0,5.0
BIKERSZONEMX,1,69.67,4.3
BIKINX,1,14.85,5.0
BIO HAIR GROUP,1,223.05,4.8
BISUTERIAYCRISTAL,1,97.07,5.0
BK Safety Products,4,67.39750000000001,4.7
BLACK DEALS,4,324.1775,4.65
BLACKGATE,1,47.5,4.2
BLANCAES,1,4.47,4.8
BLANCOSELREGALO,1,45.06,5.0
BLANCOSPADILLASADECV,1,180.45,4.7
BLBL20240408180701,1,59.93,4.8
BLEU SOLUTIONS,1,5.13,4.6
BLISSBLISS20230704193950,1,86.47,4.2
BLUEBERRY3,2,147.015,4.5
BM Store,1,78.33,4.5
BOEROY TIENDA,1,9.68,4.4
BOJORQUEZSHOP,2,60.335,4.699999999999999
BOKOPTYR,1,43.17,4.8
BOSQUEMAANEROBOSQUEMAANERO,1,37.95,4.8
BOSSCO FC,1,7.59,4.4
BOTAS CEBU,1,148.15,5.0
BOUTIQUE EUNICE LENCERIA,1,84.69,5.0
BOUTIQUELY2010,1,9.93,4.7
BOUTIQUES RURU,1,11.57,4.0
BP20241005005144,1,35.1,4.4
BPN PRO,2,18.14,4.55
BRAVO SAFETY,1,37.95,4.5
BRBROS CO,1,38.69,4.8
BREEZEE,1,191.13,4.7
BRING BACK STORE,1,225.0,4.7
BRUC,1,21.2,4.8
BRUNDEROSBRUNDEROS202310251644,1,21.48,4.5
BRUNOFLORESCRUZ,1,14.15,4.3
BS OFERTA,1,84.98,4.9
BUCETT,2,87.15,4.35
BUENAHORA,1,4.32,4.9
BUHOO,1,84.98,4.8
BUILDBUILD20230706162346,1,27.97,4.6
BULAWODEBULAWODE20221021173025,1,61.88,4.8
BUNKER ELECTRONICS,1,584.56,4.8
BUSILBSRAKYID,3,92.85000000000001,4.766666666666667
BUYBOXBRANDS,1,423.46,5.0
BUY_SOMETHING_MEXICO,1,339.94,4.9
Baby Gaon,7,48.94857142857143,4.757142857142858
Babyliss,1,153.94,5.0
Bakam,3,36.54,4.733333333333333
Bambeco,1,15.21,5.0
Bamby,2,82.615,4.85
Barches,11,110.2209090909091,4.8
Beauty Expertos en Belleza,1,134.55,5.0
Beauyork Perfumes,1,54.87,5.0
Bebesit,1,278.76,4.3
Bee On,2,39.61,4.7
Benati,3,11.023333333333333,4.566666666666666
Berry Bloom,2,44.915,4.8
Best Price Imports,11,221.73272727272726,4.536363636363636
Beyond Vitamins,14,16.565714285714286,4.707142857142857
Bigzzia,1,112.41,5.0
Bike 101 One ó One,1,151.02,5.0
Bike Bar,1,98.57,5.0
Bio Mattress,6,305.59,4.583333333333333
Birdman,1,23.96,4.8
Bk disfraces,7,43.36,4.857142857142857
Black Mamut,17,41.32941176470588,4.641176470588236
Blackview,3,26.853333333333335,4.6000000000000005
Blick,4,92.9575,4.7
Bloopys - Super Shorby,1,19.01,4.8
BlowTechnologies,6,216.28666666666666,4.716666666666667
Bluelander,7,100.81428571428572,4.5
Bodyfit,2,54.965,4.800000000000001
Boira,1,29.95,4.9
Bomuca,1,17.47,4.9
Boom Mart,1,28.45,4.7
Bosch Calentadores,3,177.56333333333336,4.633333333333334
Boza,1,245.96,5.0
Bridgestone,3,200.74,4.633333333333333
Brother,3,134.09,4.8
Bulamall Botas  fútbol,2,12.75,4.65
Bulova,2,84.285,4.65
Bárbara Home,1,10.99,4.8
Básicos de la casa,11,67.44636363636363,4.754545454545454
C&A,1,26.76,5.0
C.MEX,5,12.239999999999998,4.72
CACTUS_MX,2,13.95,4.4
CAFEBUNTE,2,74.95,4.800000000000001
CALIXIDUOSHOPCALIXIDUOSHOP,1,42.25,4.7
CAMARASCLASICAS402,1,253.13,4.9
CAMELIA DIGITAL,1,6.27,4.7
CANMAX,1,60.04,3.8
CANVAS REVOLUTION,1,174.96,4.8
CAPITALCLICK,1,46.76,4.2
CAPITALL,4,325.46000000000004,4.8
CARFIAMX1,1,14.91,4.7
CARINAYCOMERCIALIZADORA,1,68.9,4.9
CARLOS 1165,1,97.2,4.8
CARLOSLOPEZ GIO,1,13.77,4.0
CARMAR SHOP,1,14.15,5.0
CARMENSAUCECOCARMENSAUCECO2023,1,98.95,4.6
CAROLINA-DISFRAZÁNDOTE,1,23.75,4.9
CARSONCARSON20220902004513,1,14.88,4.8
CAR_MOTION,1,112.46,4.5
CASA DIAZ,1,161.91,4.8
CASA JOSIAS,1,223.25,4.6
CASA MEDICA,1,22.71,4.7
CASAMAKABEAUTYSUPPLIES,1,14.15,4.7
CASCINA,2,1009.2149999999999,5.0
CASCITOL,1,19.98,4.7
CATEMACO ESOTERICO,1,14.75,4.6
CC20240612135132,1,39.05,4.7
CDSSHOP1,1,123.02,5.0
CEDISUR MX,1,118.75,4.1
CEEL8504897,1,42.23,4.7
CENDIMEX COM MX,2,301.44,4.85
CENIT.MX,1,51.33,4.8
CEOP PANELES 3D,1,70.04,4.3
CERAMICOSVIBRALTA,1,59.4,5.0
CERCOSELGANADEROOFICIAL,1,258.07,5.0
CFXIOLAM,1,54.0,5.0
CHAMARRAS CHINGONAS,1,108.77,4.6
CHANGHONGCHANGHONG202308171647,2,110.345,4.5
CHANGSHACHANGSHA20221202225657,1,20.62,4.8
CHAOKGCHAOKG20230601174031,1,26.0,4.2
CHB Chili Beans Clothing,1,14.82,4.2
CHCH20240209190945,1,68.78,4.6
CHEAP MAYORISTA,2,13.295,4.45
CHEFMAN MEXICO,2,87.035,4.85
CHIFLAVORAS,1,69.5,4.6
CHIKIS.TRIKIS.LANDIA,2,40.96,4.65
CHRISTIANOFER,1,63.98,5.0
CHUANTEK,1,14.95,4.0
CHUN HUA,1,13.45,4.5
CHUWI,1,197.76,4.5
CI20240731162532,1,102.46,5.0
CIBERMODA MX,1,80.7,4.8
CICIKDECICIKDE20230518000056,1,13.54,4.6
CINSAFA SHOP,1,17.92,4.3
CINTASCINTAS20221206002221,1,38.88,4.8
CIVIPENTACIVIPENTA,1,14.82,4.5
CJ20240708160850,1,15.27,4.8
CJLXWCHHHH,2,8.485,3.95
CLAUDIA LONA,1,34.62,3.8
CLAUDIA00024,7,88.0,4.628571428571428
CLEANWATERPOOLS,1,175.24,4.8
CLICKATCLICKAT20230418160746,1,224.28,5.0
CLICKCOLLECT,1,49.88,4.8
CLSN20240107112758,3,91.31666666666666,4.533333333333333
CM-TOP,2,62.68,4.45
CM20240904005917,1,27.2,4.3
CMAQ,5,97.598,4.74
CMTOP,4,51.715,4.475
CNAIPINGOU-MXF1,3,49.376666666666665,4.666666666666667
CNATVERCE-MXF,2,91.815,4.6
CNBEAUTYCARE-MXF,1,38.11,5.0
CNCASAINTELIGENTEMXF,2,348.71000000000004,4.7
CNCRUATECHNOLOGY-MXF,1,199.05,4.8
CNCUTEPETSUPPLYSTORE-MXF,1,9.9,4.9
CNCYOTMAN-MXF,1,29.45,4.5
CNDLXZXDL-MXF,2,35.739999999999995,4.75
CNELECMX-MXF,1,9.28,4.7
CNG MEX,1,242.2,4.6
CNHFHTMXF,1,31.47,4.7
CNHOMBYS-MXF,3,12.656666666666666,4.466666666666667
CNIOWODOMXF,1,29.12,4.6
CNISINBOXOFFICIALSTORE-MXF,2,25.195,4.9
CNJIAHEYE-MXF,1,37.48,4.7
CNJINGYU1MXF,1,51.03,4.9
CNJIULINGERLINGMXR,1,36.81,3.7
CNKAISI-MXF,1,208.63,4.6
CNKAOLALI-MXF,1,36.03,4.7
CNKEMYR-MXF,1,40.77,4.6
CNLIBSMILEMXF,1,132.84,4.9
CNLITION-MXF,1,19.67,5.0
CNLIUWANG-MXF,1,13.64,4.7
CNMATEIN-MXF1,1,22.96,4.8
CNMEGOO-MXF,1,10.7,4.7
CNMEJORESZAPATOS-MXF,1,17.89,4.2
CNMEXIMPORTACIONESSADERLD,2,113.38,4.6
CNMIYANG-MXF,1,9.45,4.5
CNMKDQYLMXF,1,56.08,5.0
CNMOOTIME3CMXF,1,197.42,4.4
CNMOUSIKA-MXF,1,23.67,5.0
CNNACERDEPIE-MXF,1,16.85,4.5
CNNINBENMOTO-MXF,1,86.55,4.7
CNPARNASAMXF,1,42.45,4.4
CNPTSTEL-MXF,1,60.57,4.6
CNRUNKANG-MXF,2,30.695,4.75
CNRUZAVA-MXF,1,300.68,5.0
CNSHEEWIN-MXF,1,22.58,4.9
CNSUPERAIMIPREFERRED-MXF,1,6.99,4.9
CNSUSASSYMXF,1,26.32,4.2
CNSUSIELADY-MXF,1,15.05,4.6
CNTENGHUI-MXF,1,9.13,4.4
CNTHINKWORK-MXF,1,40.98,4.7
CNUVOOIMXR,1,22.0,4.6
CNWALKMXF,1,12.27,4.2
CNWINADO-MXF,1,128.34,3.3
CNYUMCUTEMXF,1,17.55,4.6
CNZCLSHOPMXF,2,13.115,4.699999999999999
CNZQNETMXF,1,120.56,4.5
CNZSSMCFMXF,2,98.14500000000001,4.6
COCO20240125021119,1,23.33,4.5
CODA1195832,1,90.63,5.0
COLCHONESCOLCHONES202307192149,1,73.62,4.5
COLIBRIX VENTAS,2,43.305,4.6
COLLEZIONE,1,99.75,4.7
COLMI,1,18.66,4.5
COLOEFCOLOEF20230801131640,3,50.98333333333333,4.833333333333333
COLOR SUBLIME,1,365.0,5.0
COLORESCREATIVOS,1,361.31,4.8
COMANDODISTRIBUTIONCENTER,1,39.38,4.6
COMER SMBX,1,191.96,4.7
COMER ZIA,1,46.55,4.8
COMERCIA,1,33.2,4.4
COMERCIAL TIRE,1,79.56,4.9
COMERCIALCOMERCIAL202211301658,1,65.35,4.5
COMERCIALIZA JUGUETE Y REGALO,1,50.4,4.7
COMERCIALIZADOR ANABY,1,28.79,4.7
COMERCIALIZADORA EMAGRAPHIC,1,97.75,4.8
COMERCIALIZADORA GARXEL,1,267.28,4.5
COMERCIALIZADORA GIVTA,3,649.1166666666667,4.633333333333334
COMERCIALIZADORA NICK,1,103.97,5.0
COMERCIALIZADORA SEROR,1,1124.96,3.3
COMERCIALIZADORA SKET,2,158.21,4.45
COMERCIALIZADORABRINGIT,1,27.76,5.0
COMERCIALIZADORADFMEXICO,1,187.58,4.3
COMERCIALIZADORAGILVILLA,1,15.64,4.5
COMERCIALIZADORALUCASADECV,8,120.67375,4.7125
COMERCIALIZADORATESSERACTOCOM,1,27.87,4.5
COMERCIALIZADORA_ALIYU,1,61.56,4.7
COMERCIALJAIMOROAPLICA,1,10.97,4.1
COMERCIOCOMERCIO20230630215657,1,6.27,4.8
COMEROWIICOMEROWII202305121926,2,63.21,5.0
COMERZALIA.MX,3,58.85333333333333,4.3999999999999995
COMPAIACOMERCIALVAMAGACOMPA,2,24.965,4.8
COMPETITIONAUDIO SADECV,1,173.38,4.7
COMPRAS CON DIVERSION,2,8.469999999999999,4.699999999999999
COMPRASHOP,2,147.675,4.800000000000001
COMPUFAX,1,197.93,4.7
COMTEC IMPORTS,1,119.1,4.8
CONCEPTCAR.MX,1,27.26,4.5
CONMAX_MX,1,13.39,4.3
CONSORCIOINDUSTRIALDELISTMO,5,95.908,4.54
CONTROL EXPERT,1,5.94,4.7
CONYAUDI,3,40.65,4.933333333333334
COOLMEXMX1,1,19.29,4.6
CORACIAS,1,69.3,4.7
CORODA,1,6.11,4.5
CORPORATIVO GLS,1,9.15,4.9
CORTINAS CARMELITA,1,8.75,4.6
COSMOPORCELANATO,1,100.45,4.8
COTECSA,1,99.23,5.0
COURT,1,41.75,4.9
COVER,1,93.57,5.0
COWBOYS,1,28.95,4.6
COZY HOME,2,16.665,4.65
CP  PATIO TRASERO,2,43.365,4.6
CPRO Industrial,1,59.71,5.0
CPSMEX15,1,141.82,4.9
CRC T,1,166.66,4.7
CREADOREXCELENC,1,4.4,4.7
CREAEPOXY,2,60.355000000000004,4.65
CROWTEECH,1,82.47,4.8
CSHOP,3,128.23666666666665,4.8
CUBOT,2,166.34,4.5
CUELLARCUELLAR20230617133158,1,17.37,4.6
CUENTACUSHOP,1,17.88,4.7
CUNJINMX1,2,27.5,4.25
CUORY,22,63.26227272727272,4.5181818181818185
CV Directo,2,78.715,4.65
Calorex,1,757.99,5.0
Camelia,1,3.8,4.6
Camp Gear,6,175.26333333333332,4.6499999999999995
Canefarma,1,18.95,4.8
Carestino,1,132.96,5.0
Carnavallia,24,6.815,4.566666666666666
Casa Osaka,3,27.830000000000002,4.7
Casa de los Deseos,1,53.25,4.5
Catchy Mexico,1,89.96,5.0
Celcom,12,330.605,4.75
Celmishop,9,184.8322222222222,4.722222222222222
Celulandia,18,561.2755555555556,4.705555555555556
Central de precios,2,17.18,4.75
Centurfit,13,237.18615384615384,4.553846153846154
CeraVe,3,13.403333333333334,4.766666666666667
Charlify,1,85.79,4.6
Chicco,1,470.2,4.5
Cima,2,248.63,4.1
Cinsa,7,62.60285714285715,4.5285714285714285
Cinsa Calentadores,3,231.96333333333334,4.533333333333333
Clikea,3,23.599999999999998,4.7
Clikea Gaming,1,480.96,4.4
Coco Boom,1,118.76,4.8
Coimprit,7,371.53142857142853,4.785714285714286
Colchones América,2,250.37,4.45
Coleman,2,83.47,4.85
Color Dreams,3,156.79333333333332,4.6000000000000005
Color Home,2,27.365000000000002,4.6
Colorworld,13,18.434615384615384,4.569230769230769
Comercia Michoacán,1,26.27,4.5
Comercializadora Jassan,1,234.81,4.9
Comerliv,2,42.510000000000005,4.85
CompranatorMX,4,43.74,4.675
Compupaz,17,198.30235294117645,4.617647058823529
Compuprice,5,212.63000000000002,4.82
Con Todo A Precio,10,195.414,4.68
Conentool,1,69.21,4.8
Consuelo Store Mx,3,46.00333333333333,4.7
Consumer Electronic Group,1,123.97,4.7
Consumibles Printcolor,1,8.93,4.8
Contigo,1,16.47,4.8
Continente Ferretero,1,206.88,4.7
Cookify,1,71.96,4.3
Coracias,4,74.4,4.725
Cordillera Products México,1,63.6,4.6
Corporativo Equipo Medico,1,33.87,4.2
Corsair,2,94.905,4.95
Coyote & Olivia,4,114.1975,4.35
Creator Studio MX,2,229.95499999999998,4.85
Crosman,1,119.88,5.0
Cuadra,1,265.76,5.0
D IMPRESION,2,451.395,4.9
DACEMEXICO,3,106.49,4.466666666666667
DAEWOO,2,116.465,4.75
DAHAN,34,24.601470588235294,4.6499999999999995
DAM AUTOMOTRIZ,2,284.96,4.95
DAMI20240227014929,1,27.0,4.1
DANERJOSDANERJOS20230123165736,1,13.05,4.5
DANI_CAPS,1,28.56,4.9
DAO005,1,22.2,4.7
DAPEI,1,18.0,5.0
DARMA WHEELS,5,124.73800000000001,4.7
DAS COOLEST,3,50.50333333333333,4.433333333333334
DASAM,1,25.31,4.9
DAVASI SHOP,1,97.73,4.7
DAVEDIGITZ,1,189.95,4.5
DAWEIGO,3,79.13000000000001,4.6000000000000005
DAZZLE TATTOO,1,115.46,4.6
DB DRIVE,1,220.0,4.9
DB20240704182649,1,35.7,5.0
DC Shoes,1,90.21,4.9
DDASEGURIDADINDUSTRIALSDE,1,11.83,4.7
DDTECHMX,3,155.79,4.8999999999999995
DECATHLON,2,45.36,4.95
DECOART DESING,1,149.81,4.9
DECOKASA,1,34.96,4.8
DECOWORLDMX,1,114.0,4.6
DEIVIDFEVER,4,121.97749999999999,4.825
DELAION.,4,133.025,4.8
DELMO,1,29.96,4.7
DELUXESHOPS MX,1,43.56,5.0
DENALI ICP,1,74.76,4.8
DENKOINTNERNACIONAL S.A.DEC.V.,1,37.56,4.7
DENTALSOFMAR,1,734.21,4.7
DEPOSITO DERMA,6,40.00333333333334,4.7
DERO2610064,1,69.56,4.8
DERUIROALIS,1,14.88,4.7
DESARROLLOHJRT,1,16.52,4.7
DESETOKDESETOK20230605214848,1,13.96,5.0
DESIRE APARREL.,1,20.95,4.5
DESITADESITA20230605225307,1,23.36,5.0
DETAILGANG,1,142.46,5.0
DEWIEDINTERNACIONALSADECVD,2,60.0,4.9
DG3-GRAYDG3-GRAY20230515195741,1,82.45,4.7
DGAECBFHD63032,1,24.6,5.0
DIARNAN SHOP,1,8.09,4.7
DICNMX,1,16.25,4.6
DICON,3,28.213333333333335,4.8
DIDACTICOS LOLI,1,132.53,4.0
DIDIERDEDIDIERDE20221208165629,2,36.275000000000006,4.55
DIERGEEDIERGEE20230130192905,1,27.08,4.8
DIGEDEDIGEDE20221027173008,1,14.7,4.4
DIGICOMMERCE1,2,405.47,4.2
DIGIMART,1,70.25,4.6
DILANYOUADILANYOUA202209221749,14,37.44642857142857,4.8500000000000005
DILOMBER,1,124.46,4.8
DIMAG01,6,80.63833333333334,4.55
DIMZA,3,34.01333333333333,4.766666666666667
DIPACU.MX,1,40.33,4.9
DIPLOMEX,1,29.88,4.7
DISENOS_METALICOS2010,1,39.9,4.7
DISEÑO Y SERVICIOS JMK,1,96.21,4.6
DISFRACES COLIBRÍ,1,22.09,4.7
DISTIBUIRDIS,1,26.56,4.4
DISTRIBUCIONHERNANDEZ,1,35.65,4.5
DISTRIBUIDORA DE CALZADO TOMAS,1,46.03,4.6
DISTRIBUIDORA FESAY,1,124.0,5.0
DISTRIBUIDORA GASHOGARPUEBLA,4,86.425,4.25
DISTRIBUIDORA MENBIZ,1,9.31,4.7
DISTRIBUIDORA SORIA,1,71.2,4.7
DISTRIBUIDORAARAMBULA,1,14.9,4.4
DISTRIBUIDORACALZADOBKAIR02,1,35.06,4.6
DISTRIBUIDORADEHIDALGO,1,103.56,4.5
DISTRIBUIDORAPERFUMEX,1,25.5,4.0
DISTRIBUIDORASANGAR,1,36.75,4.8
DISTRIBUIDORA_ARIZ,1,470.25,5.0
DISURGA,1,208.62,4.5
DIVINA CREACIÓN,1,68.5,4.4
DNOVO PEYO,1,29.57,4.7
DOGMA_,1,76.86,4.9
DOJO20240118162809,1,295.75,4.9
DOMINGUEZJUAN20220729135944,1,63.13,4.8
DOMKOM,1,58.16,4.8
DOORLINE,1,7.46,4.6
DOSGRILL BEAUTY,1,13.71,4.6
DOSH20231220004101,1,57.17,4.3
DOSYU,2,47.19,4.65
DREAMAX,2,106.695,4.55
DRJOOHN,1,34.74,4.5
DSHOPMEXICO,1,150.72,4.8
DT Electronics,1,974.96,4.5
DUBNER,1,9.97,4.5
DUOLUTONG,3,13.770000000000001,4.566666666666666
DUTECMX,1,131.55,4.8
DWALESHOPMX,1,112.45,5.0
Daewoo Power Products,2,89.83500000000001,4.95
Dahua,5,160.04000000000002,4.5200000000000005
De Mayoreo,1,35.53,4.6
Decoespacio,1,94.52,4.9
Deportes Latinos,1,80.95,5.0
Derma en Linea,2,55.05,4.6
Dermaline,2,100.655,4.95
Discovery Expedition,1,58.03,4.6
Diseños Carolina,1,148.75,4.5
Disfraces Luza Peluza,1,31.82,4.7
Distribuidor Rhino Autorizado,4,58.555,4.7
Distribuidora Automotriz Jari,1,9.16,4.7
Distribuidora Hanlob,2,73.19,4.7
Doctor Solutions,2,126.345,4.65
Dormilón,2,136.125,4.65
Doxsa,2,85.095,4.55
Dragon-X,3,374.48,4.8
DreamLab,1,30.27,4.5
E Watch,2,220.575,4.8
EAPULEY,1,254.57,3.8
EASYTAO,14,13.145714285714286,4.814285714285715
EASYWARE,1,22.05,4.9
EAVAE,1,255.15,4.5
EBYTE TECNOLOGIA,2,89.015,4.45
ECOMASS 360,1,23.33,4.8
ECOMM-SE,4,90.2,4.7
EDALMELAB,2,40.205,4.7
EDGELECMX1,2,11.434999999999999,4.800000000000001
EDUARDORODRIGUEZ852,1,69.0,4.3
EFCBGHDEAHJYI,1,20.86,5.0
EFENTUS_CJ,1,9.41,4.7
EFFICIENSY,1,38.38,4.2
EKARDEGASS,1,63.96,4.8
EL CHANCLAZO,1,36.86,4.8
EL MORRALITO,2,172.66,4.5
EL.MESÓN.ARTESANÍAS.EN.PIEL,2,97.08500000000001,4.4
ELCATREFINO,1,169.05,4.9
ELECHINO,4,24.3075,4.675
ELECTRICAS TAURO,1,69.66,4.8
ELECTRIX,1,58.46,4.6
ELECTROMEDICALSYSTEMS,2,707.725,5.0
ELEMENTAL FASHION,1,24.86,4.6
ELEMENTSELEMENTS20230717225412,1,39.69,2.3
EMPORIUMTECH,1,13.73,4.7
ENCANTO SELECTO.SHOP,2,74.845,4.699999999999999
ENDALEENDALE20230126153231,2,9.555,4.449999999999999
ENDURO-SECURITAG,2,109.955,4.65
ENIGY,1,27.26,4.2
ENJOY YOUR SHOP,3,34.526666666666664,4.733333333333333
ENPI-LIGHT,3,119.16666666666667,4.666666666666667
ENRIQUEFLORESPRADO16,1,21.96,4.8
ENTREGASENTREGAS20230705211653,1,8.77,5.0
ENVIAVASOS,1,62.03,5.0
ENYZ,3,247.36333333333334,4.666666666666667
ER20240710233942,2,40.85,4.8
ERBEIGA VENTAS,1,5.82,4.6
ERHARDERHARD20221006143414,2,9.565000000000001,4.4
ERMA-AUTOPARTES,2,39.165,4.75
ESARACORESARACOR20221210193616,1,18.71,4.1
ESCASSA,1,99.95,4.8
ESCRITORIOSYMUCHO MAS,1,128.57,4.6
ESITO,2,158.11,4.75
ESPACIOSEIDEAS,1,12.96,4.5
ESPI SHOP,1,67.46,4.8
ESTANTEMETAL,1,36.43,4.7
ESTANTERIA SV,2,68.83000000000001,4.95
ESTILO PURO,2,43.485,4.5
ESTREPERAESTREPERA202209201821,3,6.576666666666667,4.566666666666666
ETECHLOG,13,155.57461538461538,4.653846153846154
EUNICE BLANCOS,2,37.535,4.7
EUPHORIC SUPPLEMENTS,1,44.1,4.5
EUTRISADECV,1,4.76,4.4
EVERLAST_CALZADO_OFICIAL,2,64.46,4.9
EVESABIWINASEVESABIWINAS202302,1,32.0,3.9
EXCETECNOEXCETECNO202307271517,1,95.0,4.8
EXPLORE EQUIPAJES SHOP,6,55.90833333333333,4.8
EXTREME BEAUTY,1,6.51,4.4
Easy-Shop,4,264.46250000000003,4.5249999999999995
Ecommerce experts,1,9.42,4.6
EconoVisión,2,17.97,4.300000000000001
Ecoshopmaster,1,97.01,5.0
EffortsMX,2,11.085,4.75
Ekco,4,72.1525,4.45
Eke Life Home,6,172.20000000000002,4.483333333333333
Ekinio,1,14.68,4.7
Eko,1,125.96,4.6
El Canelo Autopartes,1,115.34,4.8
El Malcreado,1,99.0,4.7
El Maridaje Tienda Oficial,1,48.57,4.8
El bisturí,1,127.8,5.0
El rey ferretero,2,225.20499999999998,4.85
Electro Shop,4,231.40999999999997,4.6
Electrodomésticos Olvera,4,123.4325,4.8
Electroventas,7,59.24285714285714,4.285714285714286
Eleganza Belleza en joyería,1,109.46,4.8
Elektron,1,89.65,4.7
Elemental,1,19.96,4.8
Eleva,3,178.46333333333334,4.833333333333333
Eléctricos Scooter & Bicicleta,5,302.82,4.66
Emetres,3,35.98,4.633333333333333
Emma,4,429.3025,4.85
EnviosIPAG,1,10.95,4.7
Equipo Medico DF,1,30.97,4.8
Etifast,5,79.824,4.82
Evans,4,312.14,4.775
FA20240812200756,1,103.71,5.0
FABRICA DE VELAS Y VELADORASL,1,66.26,4.8
FACETEL Tienda,4,87.225,4.625
FAJAS GALESS,1,37.95,4.5
FAMILY MOMENTS MX,1,37.95,4.9
FANC CROQUETERIAS,1,37.52,4.8
FANS TOUGHBUILT MX,2,63.825,4.9
FARMAKOSTO,4,64.085,4.9
FARMAZENITH,1,61.04,4.9
FASTCHOICE,1,7.36,4.8
FECEBA,10,79.204,4.71
FEELSOCOOLSDERLDECVFEEL,1,49.95,5.0
FEHFGCDBA40380,1,34.76,4.3
FEMMTO MEXICO,9,57.339999999999996,4.5777777777777775
FENG MAO,5,32.344,4.7
FENGTIENCOMERCIALIZADORADEL,1,22.6,4.5
FENOMAXFENOMAX20230518143257,1,63.6,5.0
FERDINANFERDINAN20230608162106,1,6.47,4.3
FERGUS CARD,1,26.08,5.0
FERRE CENTRAL,1,126.0,4.5
FERRE KOMPRAS,5,95.376,4.76
FERRECAPITAL,1,124.24,4.0
FERREKUPER,6,142.34666666666666,4.6499999999999995
FERREOPORTUNIDADESSADECV,4,57.58,4.375
FERRETERIA RIPOLL,1,63.32,4.4
FERRINOX,1,149.36,4.4
FERROQUIMICA,1,52.5,4.3
FESTERSHOP,2,133.51999999999998,4.699999999999999
FGC 2000,1,39.99,4.9
FGMUEBLES,1,39.61,4.4
FIBRALINKMEXICO,1,234.17,5.0
FIERCE MX,1,213.75,5.0
FIESTAMART,2,69.05000000000001,4.35
FIT FURY,2,25.475,4.9
FITNESS4LIFEFIT,2,75.61,4.5
FITNESS_LIFE,1,110.5,5.0
FITPOLO,1,26.97,4.7
FITPOLO SHOP,3,19.94666666666667,4.5
FK FERREKASA,8,32.6425,4.7125
FLORES.MX,1,14.76,4.5
FLOWERSINTHESKY,2,6.975,4.35
FOCAL,3,72.24,4.833333333333333
FOL,1,92.34,4.7
FOLYVENTASONLINE,1,210.17,4.8
FOMPER SUPLEMENT,1,28.45,5.0
FORESKER,3,74.09666666666668,4.5
FOREVER_H3,1,60.0,4.9
FORKUSOFORKUSO20221202134748,7,71.34857142857143,4.357142857142857
FORTUNEFORTUNE20221021164643,4,105.1075,4.75
FOXGARD.MX-MXF,1,39.77,4.8
FR20240827022827,1,8.19,4.8
FRAFRA96,1,134.4,4.8
FRANCISCA.KK,1,9.24,4.7
FREYJAMES,1,54.67,4.4
FT EQUIPOSGDL,1,163.35,4.7
FUGITIVE TREND,1,41.16,4.8
FUHAUS Moto Casco & Exterior,1,59.26,4.9
FULL DREAM,1,97.29,5.0
FULL MARKET,2,129.335,5.0
FUN SMILE,1,29.67,5.0
FUNKYMIFUNKYMI20230222202637,1,99.17,4.0
FUTUREBETTERMX1,1,23.22,4.4
FUTURELIGHTFUTURELIGHT20230615,1,99.0,4.7
Fabato,4,93.13499999999999,4.65
Fabrica Directo,3,295.45666666666665,4.833333333333333
Fancy Pets,2,10.22,4.550000000000001
Far Waver,1,122.5,5.0
Farmacia Integral,2,16.155,4.85
Farmacia Prixz,1,122.2,4.8
Farmacia Sanorim,1,28.4,4.4
Farmacia Veterinaria ALÁAK,3,112.56666666666666,4.9
Femmto Healthcare,2,14.945,4.7
Ferre Oportunidades,1,71.2,4.6
Ferrecapital,2,90.485,4.449999999999999
Ferretera Kimura,2,245.73,4.9
Ferretería Libra,3,57.089999999999996,4.733333333333333
Fireparts,1,151.16,4.8
Flexi,2,37.67,4.8
Focusrite,1,230.39,4.7
Fontastic,2,332.44,5.0
Force Balance,1,18.9,4.4
Foreman,6,125.05666666666666,4.566666666666666
Found,6,28.99666666666667,4.683333333333334
Fraciel,1,58.97,4.7
Free Wolf,10,19.288999999999998,4.7700000000000005
Frida Pets,1,199.45,5.0
Furry Tale,1,55.9,4.9
G3SSHOKU,1,41.54,4.8
GACO20240219131226,2,38.15,4.95
GAEECONOMICOGAEECONOMICO,1,10.75,3.9
GAISHANMEXICO,1,80.43,4.4
GAKONGHI,1,14.83,5.0
GALANBLAS20220611134108,2,59.25,4.85
GALES MANGUERAS,2,60.29,4.300000000000001
GALICIAGARCIASANTIAGO,1,66.45,5.0
GALLEGOSZENTENO,1,49.98,4.3
GAMACONSUMIBLES,2,65.68,4.4
GARCIAFRANCISCO20220119220647,3,28.84,4.633333333333333
GARDUÑOALAN20220122203358,1,109.56,4.6
GAREZ SLP,1,60.58,4.7
GATELEIMOLAS,2,40.06,4.7
GC Móvil,20,191.921,4.55
GCV ELECTRONICA,17,326.65882352941173,4.388235294117647
GEEK INDUSTRY,1,124.96,4.4
GELL,3,122.75666666666666,4.466666666666667
GEN TEK,21,67.31666666666668,4.70952380952381
GENERFUN,1,70.96,4.6
GENERICOSDELIMPIEZA,2,17.05,4.95
GENIALISS,1,14.96,4.8
GENPRODMEX,4,23.2925,4.725
GERAVOLT,1,709.16,4.7
GERENATAGERENATA20221216124714,2,14.39,4.65
GERLUC IMPORTACIONES,1,26.32,4.7
GFPERISUR,1,69.35,4.8
GG20240709120445,1,53.16,4.7
GGMDRGGMDR20221202000101,1,109.46,5.0
GIO,3,75.29,4.766666666666667
GIYMUEBLESYDECORACION,2,131.78,5.0
GLOBAL ALIANZA,1,29.47,4.5
GLORIA TIENDA,3,69.03,4.333333333333333
GMEDICAL UNIFORMS,4,23.385,4.625
GMMENDOZA,2,47.19,4.65
GOED2088905,1,84.0,5.0
GOIV20240521224629,2,80.175,4.75
GOLERO SPORT,2,49.260000000000005,4.699999999999999
GOMA2761417,1,21.33,4.7
GOMYHOME,4,108.05499999999999,4.725
GONCON,7,32.80571428571428,4.571428571428571
GONZ STORE,1,365.7,4.0
GONZALEZRAMIRO20221020090837,1,178.55,4.5
GOODBUY,1,46.76,4.9
GOODLIFETECHNOLOGYGOODLIFE,1,8.91,4.7
GOODTEL-Direct,1,102.0,5.0
GOOJODOQ OFICIAL,4,72.9475,4.65
GOOJODOQGLOBAL,2,107.66,4.25
GOUPSALE,1,12.52,4.8
GOXAWEE,1,74.52,4.7
GOZGBINGMX,1,127.97,4.6
GOZOTECH,1,19.36,4.7
GRANADOSTALABARTERIA2022082317,1,149.96,4.7
GRASONAL,1,86.78,4.2
GRCA003,1,149.45,5.0
GREAT_AUDIO,1,78.0,4.5
GREAZO DIRECT,1,122.98,4.4
GREEN CARPET,1,29.85,4.6
GREEN CLUB,1,293.3,4.5
GREENCUCUMBERTECHNOSADECV,2,30.990000000000002,4.8
GRILLHM,1,42.7,4.7
GROUP,2,136.79000000000002,5.0
GROUP BUENHOGAR,1,69.31,4.4
GRUP0LYBMENSADECV,2,84.38,4.75
GRUPO ALOPOR,1,74.97,4.7
GRUPO ASMAKTEC,1,189.72,4.8
GRUPO COMDARR,1,75.95,5.0
GRUPO ELKOUS,1,12.94,4.8
GRUPO EMPRESARIOSEJE,3,54.343333333333334,4.733333333333333
GRUPO GK EXTINTORES,1,35.01,4.8
GRUPO GONVEA,1,137.56,4.8
GRUPO MAYKA,1,8.98,4.7
GRUPO MIRSA_DIVERTI,1,68.35,4.8
GRUPO MOBAX,1,115.9,4.9
GRUPO PRECISIÓNCONTROL,1,114.28,4.6
GRUPO REPROLLAN,1,306.6,5.0
GRUPO SAMUVI,1,8.75,4.4
GRUPO SAVERS,1,124.0,4.5
GRUPO SUPERBEBE,1,189.0,4.9
GRUPO YAM,2,95.16499999999999,4.7
GRUPOARUBA,1,37.23,4.8
GRUPOHEGO30,1,242.25,4.7
GRUPOHOGARDEN,1,73.12,5.0
GRUPONUEVOSIGLOTRADING,1,14.42,4.6
GRUPOPRIME UNION,1,137.47,4.8
GRUPO_ACERAMEX,1,38.38,4.8
GRUPO_CARMAR_DEL_BAJIO,5,198.32,4.88
GTEISYBEGTEISYBE20230719214750,1,134.4,4.7
GUADELUOPUGUADELUOPU2022101317,1,18.83,4.4
GUAGUAJUMP,1,49.57,4.4
GUITARRAS LAPUREPECHA,1,58.9,4.5
GUYELEMOSHOPGUYELEMOSHOP,1,19.29,4.5
GV20240826234505,1,29.73,5.0
GW TECNOLOGIA,1,104.4,5.0
GYM KING,1,8.5,4.6
GYMEXPRO,1,39.85,5.0
Gambimedic,3,50.20333333333334,4.833333333333333
Game Center Distribution,4,98.05000000000001,4.85
GameSir,1,56.08,4.8
Ganas Tec,6,291.53000000000003,4.783333333333333
Gaon,39,71.16461538461539,4.6230769230769235
Garell,6,62.89166666666667,4.516666666666667
Garnier,1,4.11,4.8
Geomed,3,41.06666666666667,4.833333333333333
Georgie Boy,15,51.606,4.739999999999999
Geotech,1,71.25,4.9
Getac,1,5.16,4.5
Ghia,2,151.975,4.7
Global Outlet,1,11.89,4.5
Glückluz,1,17.24,4.7
Golden Pets,2,30.71,4.9
Good and Cool,1,24.43,5.0
Goral,2,23.660000000000004,4.5
Gran Malo Tienda Oficial,1,33.84,4.8
Gravel,3,228.25333333333333,4.7
Greenlander,2,56.95,4.7
Group Sapien,1,27.07,4.8
Grupo Alterna,1,5.17,4.8
Grupo Decme,13,328.93769230769226,4.8307692307692305
Grupo Ingusa,10,103.899,4.68
Grupo Limpro,1,68.97,4.8
Grupo Martiñon,4,78.155,4.575
Grupo SAR,1,83.89,4.5
Guess Watches & Jewellery,2,183.96,5.0
Gutstark Auto,1,27.61,4.7
Gutstark Home,12,119.59500000000001,4.591666666666667
HAB,8,151.7725,4.5875
HACKLEY,1,14.92,4.8
HAEDFRTG,1,167.95,4.7
HAIHAI20230901175534,1,5.78,5.0
HAIYIBOER,2,23.915,4.75
HALIMOMO,3,52.056666666666665,4.666666666666667
HALMAN,1,149.96,5.0
HAOJIA,2,27.689999999999998,4.699999999999999
HAOJIATING,1,109.63,4.2
HAOMINGCOMERCIOHAOMINGCOMERC,1,30.88,4.7
HARRODS SALE,1,37.54,4.6
HAX Helmets,2,137.72,4.9
HAY1RECOMPENSAS,1,49.2,4.9
HAYLOU ONLINE,7,39.41857142857143,4.6571428571428575
HAZEER,1,15.89,4.8
HEAKHEAK20230619105347,1,5.57,4.3
HEAL20240216203744,2,19.450000000000003,4.4
HEATEAM,1,58.06,5.0
HECELOMXF,1,28.05,4.6
HEDOKORAKAA,1,24.72,4.7
HEHE20240126142510,3,156.82333333333335,4.866666666666666
HEREYS TECHNOLOGY,2,62.435,4.4
HERMES MUSIC CLUB MX,1,607.0,5.0
HERNANDEZ SANTIAGO,2,18.84,4.65
HERRAMIENTAS CLUB,1,99.0,4.7
HERRAXMXF,1,26.75,4.6
HERVER INDUSTRIAL,1,37.76,5.0
HEY JUDY,1,9.84,4.6
HEYUNJI,1,54.0,4.9
HIDDEN MARKET,2,23.615000000000002,4.6
HIFONICS,2,146.885,4.9
HIKERS,5,179.11599999999999,4.34
HILLEPAROOHILLEPAROO2023041413,1,51.27,4.7
HIMICAR,1,13.97,4.6
HIMICARMX1,1,12.22,4.4
HIVOZ,1,8.97,4.3
HK20240726230634,4,32.665,4.5
HKBUENATIENDA-MXF,1,49.42,4.8
HKGUILANMXF,1,70.1,4.6
HKKARLHOME-MXF,1,92.49,4.9
HKRETEVIS-MXF,2,79.96000000000001,4.8
HODNARG,1,36.94,4.9
HOLA FUTURO,1,7.38,4.6
HOLAYAMX,1,38.6,5.0
HOLLYFASHION CRYSTAL,1,7.81,4.6
HOMEHOME20230626194649,1,134.95,4.6
HONEY WHALE,5,532.012,4.6
HORLAT,1,106.61,4.9
HORTOMALLASSADECV,1,207.95,4.5
HOSU,1,129.58,4.4
HOUGER,1,78.62,4.5
HP,3,206.98333333333335,4.5
HTC,1,18.58,4.5
HTMICROMX,1,502.87,4.9
HUALEISISHOPHUALEISISHOP,1,38.35,5.0
HUAYUANDI,1,72.96,4.8
HUBETORHUBETOR20230803182951,1,11.18,4.5
HUELLA,1,23.25,4.6
HUIITENG,1,29.96,4.4
HUJO.MX,1,48.83,4.7
HULE ESPUMA Y AGLUTINADOS,1,56.35,4.4
HUNAZIMINEG,1,33.6,4.5
HUOPUYI SHOP,1,7.56,4.3
HURIVENU,1,5.76,4.4
HY HOUSE,1,143.57,5.0
HYDROFILTER,2,26.08,4.8
HYGE,1,19.98,4.6
HYsmart,3,53.46666666666667,4.3999999999999995
Harbor,1,64.12,4.6
Harman Kardon,1,179.95,4.8
Harte Flooring,7,61.80571428571428,4.671428571428572
Hasbro,1,21.57,4.8
Hawkers,1,19.18,4.7
Hecho en Colima,1,139.96,4.8
Heineken,1,12.0,3.9
Herramientas Easton,1,118.84,5.0
Hes Cker,3,32.31333333333333,4.1000000000000005
HiLook,2,167.155,4.85
HiTone,1,18.11,4.4
High Power,1,27.55,4.4
Hikeo,2,80.795,4.55
Hilphy Medical,9,177.83333333333334,4.7444444444444445
Hirsh Industries,3,200.82333333333335,4.666666666666667
Hmovil,7,438.55,4.585714285714286
Hogar De Moda,1,24.72,5.0
Holstone,1,33.97,4.6
Homedom,1,54.83,5.0
Homex,11,46.22363636363636,4.6454545454545455
Hot Spot,1,59.93,4.7
Houzer,5,71.378,4.68
Huacal Superfoods & Organics,1,12.96,4.8
Huawei,2,217.58999999999997,4.9
Hugo Boss,11,107.94727272727272,4.872727272727273
Hyperx,2,73.81,4.8
Hyperz,1,14.96,4.2
Hyundai,5,126.83600000000001,4.540000000000001
IDEAS BLINDS,1,40.19,4.9
IDS MEXICO,1,31.46,4.4
IFERRE,1,262.6,5.0
IIIF150,1,214.78,4.4
IL20240824000821,2,16.740000000000002,4.65
ILLUME.COM.MX,1,67.45,5.0
ILUMINACIÓN INTELIGENTE,1,12.77,4.7
IMAGINATUGOLPESADECV,1,67.45,4.7
IMCH20240213222538,1,15.26,4.5
IMEX ELEKTRONIX,1,7.94,4.2
IMPACT GO,1,6.91,4.7
IMPERCAUCHO,1,94.95,5.0
IMPEX COCINAS Y EQUIPOS,1,97.83,4.9
IMPLLANTASYRINES,2,77.885,5.0
IMPORTACIONESLEONMX,1,27.49,5.0
IMPORTADORA BOGUCE,2,105.03,4.75
IMPORTADORA LA MERCED,1,24.7,4.5
IMPORTAEXPOIMPORTAEXPO20230701,1,19.95,4.5
IMPULSORA2022,1,49.37,4.5
INCO REPRESENTATIONS,1,211.38,5.0
INDUSTRIAS QUILTEX,2,11.495,4.6
INFINITE CHANGE,1,10.72,4.9
INFINIX,1,137.1,4.7
INNGROUP,2,61.31,4.5
INNHOME SEATING,1,62.0,4.3
INNOVATEC,3,6.773333333333333,4.266666666666667
INNOVATIONS,5,383.99,4.68
INSTRUTEKGDL,1,191.1,5.0
INSUMOSTSUNAMI,1,34.1,4.7
INTEGRACIONINTEGRACION20230502,2,24.935000000000002,4.55
INTERAGRO.MX,1,24.75,4.6
INTETECTOOLSSADECV,1,83.12,4.5
INUTEQEL,3,36.843333333333334,4.566666666666666
IOTWE,2,90.39,4.75
IOWODO,1,16.82,4.7
IPERJIU,2,37.07,4.75
IQTECH_MX,1,79.96,4.8
IRONHOOF,1,22.86,4.5
ISDEWATCH,1,10.03,4.2
ISLADELSURTECNOLOGIAINDUSTRY,1,71.96,5.0
ISLASVJ,2,62.879999999999995,4.75
ITECHNOLOGYLIFEMX1,1,28.02,4.5
ITIT20240220132320,1,33.77,4.8
IUMEX,10,59.672000000000004,4.41
IUSA,2,77.31500000000001,4.3
IWIW9471746,2,9.35,4.65
IZTACALCOIZTACALCO202303111314,1,530.93,5.0
Ibalance,1,68.72,4.1
Ilios Innova,2,86.27000000000001,4.8
Illux,1,6.11,4.7
Immortale,1,94.74,4.9
Imou,1,62.67,4.9
Imou MEX,4,41.6675,4.8
Importaciones Gonzalez,4,89.94,4.7
Impuls,24,50.6025,4.720833333333333
Industrias Boost México Noni,4,125.38749999999999,4.65
Inko Tecnología,5,50.554,4.76
Innova Market,2,18.665,4.8
Invicta,3,78.97666666666667,4.833333333333333
Italika,2,1518.7150000000001,4.7
JAGUANJAGUAN20221105004125,5,42.906,4.68
JAKD_TACTICAL,1,15.44,4.7
JALDELI,1,14.82,5.0
JANOME,1,340.74,5.0
JASGOOD STORE,1,9.99,4.0
JD DEP,6,275.74833333333333,4.75
JDM..,1,26.96,4.3
JEEYEE,1,9.38,4.7
JESCHINI,1,11.75,4.5
JESSICASHOPJESSICASHOP,2,11.37,4.8
JESUSJESUS20230607004005,5,99.336,4.720000000000001
JESWOMX,2,32.905,4.449999999999999
JEWELRYTHATINSPIRES,1,69.65,4.8
JH20240903042708,1,32.23,5.0
JIANSHENPA2023033116,1,30.36,4.6
JIAXIYA tienda,2,34.160000000000004,4.65
JIEKUILINSHOPPINGJIEKUILINSH,1,15.34,4.7
JIRAFITA151,1,9.32,4.2
JIYA,1,9.39,4.3
JJCHILD73,1,191.38,4.9
JLJEANS22,1,44.96,4.2
JOCHIMSENJOCHIMSEN202210061506,1,9.95,5.0
JOHENES SHOP,1,9.4,4.8
JOKBEN,8,235.46625,4.5125
JONEJIANJONEJIAN20221216134742,3,27.390000000000004,4.6000000000000005
JOSERINQUEZJOSERINQUEZ20231024,1,99.0,5.0
JOSHINEMX,2,76.205,4.35
JOYBY,1,11.88,4.7
JOYERIA AURA PRATA,1,157.5,4.8
JOYERIA MARLOZ,1,284.43,4.3
JPCAPSTORE,1,34.83,4.4
JSMANSHOP MEXICO,3,51.75666666666666,4.433333333333334
JUJUFLY,1,29.95,4.7
JUKAREN2722,1,3.99,4.1
JUNITOSADECVJUNITOSADECV,1,88.96,4.7
JUSTOPARATI,4,210.6875,4.699999999999999
JV COMPUTER,2,34.39,4.75
JXMHL,1,36.07,4.4
Jack&Roses,1,73.15,4.6
Jade Cook,6,204.08833333333334,4.683333333333334
Jardimex,7,80.87571428571428,4.557142857142857
Jextech,1,55.05,4.9
Jm Vaal,5,70.874,4.74
John Leopard,4,31.195,4.65
John Silver,2,18.29,4.65
Jony,1,39.98,4.8
Just Home,2,37.724999999999994,4.5
KABLE TECH,3,46.89000000000001,4.633333333333334
KABOLAKABOLA,2,65.92999999999999,3.6500000000000004
KADINOX PLUS,5,69.938,4.4399999999999995
KAIATERRA,1,26.38,4.6
KAISASA,2,11.120000000000001,4.6
KAKTUS NARANJA,1,247.45,5.0
KALUDITE SHOP,1,19.67,4.8
KAMENSHOPKAMENSHOP,6,17.669999999999998,4.766666666666667
KANIMUSKANIMUS20230315161246,1,20.03,4.6
KANINO MX,1,18.06,4.8
KAOSIMINGKAOSIMING202303011243,1,14.68,4.6
KAPOLI MEXICO,1,39.72,4.8
KARLAYANEZ93,1,10.88,4.3
KARSEELL,5,45.17999999999999,4.7
KAWASHIMA,1,45.0,4.5
KAYTECNO,2,38.19,4.9
KAZOMEMX,2,36.245000000000005,4.05
KEDORE,3,26.626666666666665,4.6
KEEPGOINGMAX,1,72.69,4.4
KELADESHOPPINGKELADESHOPPING,1,4.46,4.5
KENSEN,1,20.88,4.6
KEREGALOS_JAD,1,21.45,4.4
KERUSSHOPKERUSSHOP,1,18.0,4.7
KEUNGKKEUNGK20230505120333,1,59.04,5.0
KEZHENG,1,23.91,5.0
KIARASKIARAS20230422171430,1,30.1,4.6
KIEVRZMY,1,162.47,4.7
KIKE NOGUEZ,1,81.89,4.8
KINWODON OFFICIAL,4,63.035,4.375
KISS INT,1,19.8,4.5
KKNOON STORE,1,42.45,4.6
KNWELLSHOP,1,9.87,4.7
KOLORUM SCRUBSDELCUPATITZIO,2,17.619999999999997,4.65
KOMFORT,3,84.41666666666667,4.666666666666667
KOMOREBISOLUTIONSKOMOREBISOL,1,69.31,3.7
KOV,1,67.44,5.0
KRAMOLOS,1,33.4,4.5
KRB,1,39.56,4.9
KRIOS,1,25.01,4.5
KRISHATREE,1,29.46,4.4
KST TATTOO,2,68.705,4.8
KUEN TECHNOLOGY,1,39.67,4.7
KULTURA UNIFORMS,2,64.48,4.85
KUYEMO SHOP,1,29.73,4.8
KWALA,2,32.78,4.7
Kabla,1,93.56,5.0
Karcher,1,234.95,5.0
Keluona,2,11.205,4.4
Keratin Shop,3,52.376666666666665,4.533333333333334
Keter,2,132.925,4.0
Kic.mx,3,96.68666666666667,4.766666666666667
KingSports,2,94.045,4.6
KingsHouse,3,78.81666666666666,4.766666666666667
Kingsman,9,90.12666666666667,4.655555555555555
Kingston,2,111.625,4.75
Kishnell,5,109.668,4.66
Kitchen Store Gdl,6,193.91833333333332,4.716666666666666
KitchenAid,1,364.46,4.9
Kitul Home,1,33.5,4.7
Klatter,1,57.71,4.4
Knova,1,58.96,4.9
Kochstelle,1,132.27,4.7
Kritech,9,152.96222222222224,4.7555555555555555
Kuali Shoes,1,24.86,4.8
Kumho,1,241.04,5.0
L.A. Girl,1,10.79,4.6
LA DOMESTIK OUTLET,2,76.245,4.9
LA TIENDA-DEL-CERCO,2,194.775,4.6
LA.FABRICA.DE.ESPUMA,1,26.22,4.7
LAJU3777839,1,28.3,4.5
LALAMRWARDROBE,1,44.37,4.4
LAMIREZSHOPLAMIREZSHOP,8,63.9275,4.6125
LANDEROHJSC,1,9.76,4.1
LANDEVIA,4,197.35750000000002,4.7
LAPONE MX,4,382.0775,4.35
LAPTRONICS,2,151.92000000000002,4.6
LAPURETE'S,1,12.69,4.8
LARATROLARATRO20230111004528,4,59.037499999999994,4.725
LASE,2,157.78,4.6
LATINAMERICANVOLLEYBALL,1,28.45,4.6
LAVIDAESBELLAPORTI,1,19.36,4.3
LAVOIGNETSHOPLAVOIGNETSHOP,1,105.57,4.4
LEADMORNINGTRADINGMXR,1,108.44,5.0
LEDERTES,1,144.4,5.0
LEDGESERVICIOS,1,47.45,4.8
LEIKETECHNOLOGYLEIKETECHNOLO,1,14.82,4.5
LENCERIAINTIMATESSC,1,8.96,4.6
LEONDIMALL,1,72.45,4.4
LEONGEM.MEXICO,1,122.44,5.0
LESLIELABASTIDAGONZALEZ,1,6.38,4.5
LEVANTMX1,1,22.67,4.8
LEVELSTOREMX2,1,199.92,4.8
LEXOY SA,3,41.083333333333336,4.766666666666667
LEYENDA ORIENTAL,1,30.17,4.5
LIANGGELUO SHOP,3,38.0,4.8999999999999995
LIDEEP,1,11.13,4.4
LIDICELIDICE20230222224001,2,20.725,4.65
LIFE COLLECTION,2,40.54,5.0
LIFETIME PRODUCTS,1,97.71,4.8
LIGESMARTWATCH,1,14.81,4.5
LIGEWATCHOFFICIALSTOREMX1,2,23.314999999999998,4.699999999999999
LIGHTANDSPACEMEXICO,1,119.05,5.0
LIGHTINGKING,2,69.11,4.65
LINKBITS STORE,1,42.7,4.6
LINNASLAZ,1,13.29,4.7
LINREMILINREMI20230629200117,1,12.38,5.0
LIQUIDAZO,7,59.68285714285714,4.8999999999999995
LISTONES CREATIVA,1,4.9,4.6
LITOS PUBLICIDAD,1,148.2,5.0
LJ20240808235421,1,14.95,4.4
LLAKALARALLAKALARA202302251543,1,139.45,5.0
LLANTAS SERNA,5,130.01999999999998,4.86
LLANTAS24,2,135.92000000000002,5.0
LLANTASFACIL,1,190.65,4.8
LLANTASYRINES EMONTES,5,285.654,4.9399999999999995
LOFFA,1,7.08,4.4
LOMEESS,4,17.1725,4.6
LOMO20240507230508,1,19.92,4.4
LONTYPINOS MX,1,32.48,4.8
LOOPY FUN,1,4.58,4.8
LOSLOS20230122151301,2,31.165,4.55
LOSTRAINMX,1,22.37,4.3
LOTES BOX,1,49.96,4.0
LOTUSART,1,15.07,4.9
LOUNGESLOUNGES,1,28.04,4.6
LOUXI SHOP,1,36.93,5.0
LOVE_YOURSELF MAKEUP,1,9.93,4.6
LOVLYLOVLY20221104183900,7,18.96,4.828571428571428
LOZOYAZAZUETAJESUSANGEL,1,93.56,5.0
LTMULTI,1,13.26,4.8
LUAG4978649,1,10.36,4.5
LUCKYSTAR.,1,9.0,4.8
LUDEDE TIENDA,3,37.79,4.8
LUISALBERTOCRUZVIVEROS,1,18.9,4.7
LUISCASTRO,2,21.41,4.6
LUISMANUELTIENDALUISMANUEL,1,6.7,4.7
LUISRAMÓN SHOP,1,40.34,4.2
LULU KIDS,3,17.783333333333335,4.6
LUMARD TECNOLOGÍA,1,193.77,4.9
LUMINORLED.COM,2,45.35,4.8
LUNACLAVELMX,1,7.13,4.5
LUOJAS,1,41.0,4.7
LUOLEILALUOLEILA20220929143345,4,17.5425,4.75
LUOYIHUANG,2,11.425,4.699999999999999
LUTEMAMEXICO,1,176.37,5.0
LUX SANY,2,55.875,4.9
LUYISILUYISI20220919170922,2,39.585,4.800000000000001
LUZ EN LINEA,3,43.81333333333333,4.666666666666667
LVTEL,1,3.61,4.3
LXJUNBF,2,14.684999999999999,4.55
LYNHECHP,1,34.5,4.7
La Casa Encantada,5,43.448,4.58
La Ferre De Gabriel,2,49.495000000000005,4.7
La Gran Bodega del Bebé,1,110.81,4.6
Lagom,4,20.302500000000002,4.324999999999999
Laila Comfort,4,84.17999999999999,4.7
Lamex,2,35.195,4.8
Laptop México,5,256.86800000000005,4.7
Las lámparas Tiendas de marca,1,18.05,4.7
Laughing Tattoo,6,54.330000000000005,4.6000000000000005
Lawan Decoración Del Hogar,1,5.77,5.0
Lejaim Spirits,1,70.9,4.8
Lenovo,1,384.97,4.9
Levi´s,4,72.1475,4.975
Leza Alimentos,1,84.17,4.7
Liftor,1,46.71,4.5
Lightdot,10,9.716,4.5200000000000005
Lincky,2,14.285,4.5
Little Monkey,4,113.80250000000001,4.6499999999999995
Llantas Cavazos,2,124.255,4.65
Llantired,2,136.3,4.75
Lonas Gorilla,1,179.07,5.0
Look Sport,19,67.02052631578947,4.826315789473685
Loomber,8,87.0,4.3125
LovelyLa,2,57.504999999999995,4.9
Lum0,1,12.54,4.8
Lumilace,1,8.6,4.6
Lupu Auto official store,3,20.313333333333333,4.666666666666667
Luuna,3,259.9433333333333,4.666666666666667
LuxHome,4,337.05,4.6
LÓPEZZYANYA20220922151057,1,34.96,5.0
L’Oréal Paris,4,22.9925,4.775
MA20240710124802,1,26.4,4.8
MA20240902205327,1,94.95,5.0
MAAD270429,1,9.36,4.8
MACA7726714,1,51.8,4.7
MACABEOS MX,1,28.45,4.7
MACARIAESPECULACIONESMACARIA,1,9.85,4.8
MACROHERRAMIENTAS,1,222.26,4.8
MADERCENTER ONLINE,3,355.81666666666666,4.966666666666667
MAFAB HDZ,1,8.75,4.6
MAGIA DIGITAL,10,70.825,4.55
MAIDONGMAIDONG,1,36.05,4.0
MAIODISTRIBUIDORA,1,146.35,5.0
MAIZHELUN VENTAS,1,142.48,4.5
MALABIS,1,8.93,4.8
MALAYINSHOP,1,33.96,4.8
MALLASAGRICOLASOROPEZA,2,73.75999999999999,4.45
MALLASYTEJIDOSMEXICO,17,109.96882352941176,4.670588235294118
MALLAYTEXTILESMORELOS,3,57.96666666666667,4.1000000000000005
MAMAKA  SHOP,2,6.69,4.7
MAMAMIYAMX,1,26.11,4.6
MANGUITOELECTRONICSTECHNOLOGY,4,48.6475,4.6
MANINEINGENIERIA,1,237.45,4.7
MANTELERIA PERON,1,29.12,4.8
MANUFACTURAS HALL,1,62.51,4.8
MANZANITASMANZANITAS,1,18.21,5.0
MAOLIMAOLI20221026131344,1,33.75,4.8
MAONO,1,23.8,4.8
MAOS_ESHOP,1,19.0,4.9
MAOTAIOSHOP,1,11.16,4.7
MAQUINITAS_NAFAHE,1,133.0,5.0
MARAGA,2,74.315,4.65
MARCELINOIMPORTACIONES,1,101.12,4.8
MARCOMARCO20230511194804,1,47.45,4.3
MARCY FITNESS,1,616.21,5.0
MARK RYDEN MEXICO,1,67.96,4.9
MARK1MARK,5,40.568,4.5
MARKET24HRSONLINE,1,9.83,4.4
MARSHALON,1,27.47,5.0
MARTENASAMARTENASA202212011957,2,45.725,4.85
MARVEL BY EDGE,1,117.41,5.0
MAS VEN,2,108.83,4.699999999999999
MASA TRADE,1,5.27,4.7
MASQUKOMASQUKO20230307122938,1,49.95,4.6
MASSIVE ELECTRONICS,4,122.4225,4.925
MATEIN,3,25.62,4.833333333333333
MATOF,1,11.62,4.9
MAVANDY FASHION TRENDS,1,34.31,4.4
MAYANATALIA J21,1,9.69,4.7
MAYO UNIFORMES Y BORDADOS,2,48.03,4.65
MAYOREO CARBART,1,7.3,4.6
MAYOREOCARREO,3,18.650000000000002,4.566666666666666
MB20240624130126,1,27.17,5.0
MECOLOUR,1,55.96,4.8
MEDOOSI OFICIALTIENDA,1,6.56,5.0
MEDRIROMEDRIRO20230907221009,1,11.47,4.0
MEILALIMEILALI,1,36.96,5.0
MEISON,1,16.08,4.4
MELÉNDEZDANIELA20230114125156,4,23.09,4.65
MEMIGRAND SHOP,5,37.698,4.52
MENDILUOMENDILUO20221130135300,1,8.41,4.9
MENEIXISI SHOP,1,74.1,4.6
MEOKY,1,14.28,4.9
MERCADAZOOFICIALES,1,11.01,4.5
MERCADOLIBRE BULKY_MX,1,286.32,5.0
MERCADOLIBRE ELECTRONICA_MX,7,549.5557142857143,4.771428571428571
MERCADOLIBRE HOME_MX,1,54.49,4.9
MERCIDNOSMERCIDNOS202301242012,1,15.31,5.0
MERITI COSMETICS,1,47.25,4.8
MERLINAS14,1,32.4,4.6
MERPALA,1,9.94,4.5
MESABLANCA MANTELERIA,1,212.67,5.0
MESHUADVANCE,1,64.48,5.0
METALICOSRAMIREZ,1,149.15,4.7
METALSANDSUPPLIES,2,79.745,4.75
MEVI SOLAR,1,244.8,4.8
MEXICAN SHITZU,1,180.03,5.0
MEXTEC DISTRIBUIDORA,1,79.89,4.8
MG20240814133128,1,32.13,4.5
MICAELASALE2020,2,74.685,4.85
MICODUS,1,24.56,4.6
MIDA STYLE,2,5.449999999999999,4.65
MIL13082014,1,49.47,5.0
MIL200,2,5.74,4.55
MILANAMEX,1,19.71,4.8
MILENARIOTECHNOLOGY,1,79.87,4.6
MILITAR FURY,1,9.96,4.6
MINDEJAL,1,118.47,4.5
MINGHANDICRAFTSMINGHANDICRAF,1,9.37,4.7
MINIDISHOP,1,58.38,4.9
MIRACLEMOOCOLOSTRUM,1,70.06,4.8
MIRREND,1,97.7,4.5
MITIENDAONLINEMX,1,5.1,4.8
MIWANGSHOP,1,12.97,4.2
MIXCIMOMIXCIMO20221124000655,1,29.71,4.5
MJAJSHOP,2,67.42,4.699999999999999
MJNONG,1,14.1,4.6
MKDECOMMERCESERVICIOSINTEGR,2,6.67,4.75
MOBILEZONE,1,434.88,5.0
MOCHENGMIGUI,1,31.96,4.4
MOCOERL,1,44.4,4.8
MODA_ISABELLA,2,14.15,4.699999999999999
MODERNMODERN20230126130624,1,190.0,4.7
MOLALEISISHOPMOLALEISISHOP,1,79.47,4.1
MONACOVYGT,1,13.4,4.7
MONAL CONFORT,7,112.04285714285713,4.714285714285714
MONSTER PRINT,1,52.2,4.9
MONTEGUNA YETI,1,137.7,5.0
MOON CLEAN,1,69.5,4.7
MOREKA,1,4.97,4.7
MOTO DEPOT,1,104.97,4.8
MOTOCITY,1,92.49,4.7
MOTOR BEN 10 MOTOCICLETAS,5,191.302,4.779999999999999
MOTORBEN10,2,59.89,4.7
MOTOREFACCIONESGNS,1,14.15,4.8
MOTORESMARINOSYHERRAMIENTAS,1,358.2,5.0
MOTOS-Y-CARROS,1,309.74,5.0
MOTOS.SHOP,1,89.25,4.7
MR TAPE,6,19.19,4.8
MRCOBRA MX,5,101.828,4.720000000000001
MRYIMPORTS,1,220.07,4.0
MRZTSHANGYUANMX,4,17.5125,4.5249999999999995
MSI Gaming,2,1360.4650000000001,4.75
MT Helmets,2,96.21000000000001,4.85
MT MALL,1,4.91,4.5
MTGRIPMXF,1,45.86,4.7
MTOP,1,24.81,5.0
MUEBLERÍA LIZ,3,65.70333333333333,4.366666666666667
MULB TIENDA,1,183.75,4.7
MULTIBRANDSEMITSASDECVMUL,1,12.59,4.8
MULTIFORMASHJYO,1,2.97,4.7
MULTIMEDIAZONEMEX,2,314.885,4.2
MUMUSOMX,1,18.6,4.8
MUNDO DEPORTIVO9,1,76.46,4.9
MUNDOELECTRÓNICOMX1,1,168.74,4.5
MUSCLEMAXPLUS,6,44.491666666666674,4.783333333333333
MUSDFMUSDF20230517233321,1,9.9,4.4
MUSIC.TOP,1,367.65,5.0
MV DISTRUBUIDORA,1,5.94,4.4
MX WH,3,398.87999999999994,4.6000000000000005
MXCB8578755,1,13.62,4.7
MXHCO,1,78.96,4.8
MXLU4114419,1,28.86,4.8
MXMIDEMOTOR,1,131.72,5.0
Mabe,8,319.2625,4.8375
Maderkit,1,105.97,4.9
Madesa,2,319.155,4.25
Maka Pet,1,37.29,4.8
Maria Bela,4,9.45,4.275
Marthing Store,9,35.55,4.633333333333334
Martí,1,34.4,5.0
MascoAmigo,1,121.16,4.7
Master Holder,1,34.92,4.9
MasterChef,2,63.07,4.8
Mattel,4,80.485,4.875
Maybelline,2,7.49,4.75
Mayorbag,1,51.92,4.7
Mayoreo Home,2,51.34,4.5
MediBeyond,1,23.22,4.7
Medical Store,2,61.99,4.550000000000001
Melitronic,15,71.53133333333334,4.58
Melocotton,2,15.145,4.65
Memory Dream,1,13.86,4.6
Memory Foam,5,96.1,4.68
Mercado Envíos,1,9.96,4.8
Mercado Pago,3,51.68666666666667,4.366666666666667
Mercurio,1,348.76,4.8
MeyDol Shop,1,8.56,4.1
MiCODUSmx,1,34.72,4.5
Miami Wireless,19,151.41631578947369,4.636842105263158
Michelin,2,264.375,4.95
Midea,5,108.23400000000001,4.76
Midtown Concept,1,247.97,5.0
Mikels,1,237.22,5.0
Minoxidil México,3,43.13666666666666,4.7
Mobeler,2,133.26999999999998,4.95
Mobo,1,34.95,4.8
Momcozy,3,103.11,4.466666666666667
Momenta Kitchen Store,2,35.2,4.699999999999999
Monteratillo,2,20.28,4.9
Moon Rock,7,359.21999999999997,4.371428571428572
Moreka La Tienda,1,4.05,4.3
Moreka-BL,1,7.3,4.5
Moto Refacciones,4,76.8925,4.725
Motorola TV,3,236.53333333333333,4.666666666666667
Mr. Gadgets,2,22.37,4.75
Multi Herramientas,4,128.6925,4.85
Munditodo,1,13.41,4.6
Munich,2,67.475,4.7
Mytek,1,53.49,4.6
MÁS MALETAS,1,39.9,4.9
MÉXPLAZAMX,1,39.67,4.6
México Veterinario,1,94.95,4.8
Música Hermosa,2,131.815,4.65
NAIKAN,1,11.47,4.6
NAISIE,1,4.92,4.8
NAM1974,1,31.47,4.6
NAMACO3,1,8.98,4.8
NATSA,1,8.04,4.8
NAVAFRANCISCO20220723194912,1,27.75,4.3
NAVI.MAGIC,1,172.46,4.8
NAVIA,2,84.71,4.45
NC PORCELANOSA,3,115.96999999999998,4.733333333333333
NEIRUIPO,1,55.22,3.6
NEUMATIGO,9,193.17444444444445,4.944444444444445
NEWNEW20230424222349,4,233.23749999999998,4.65
NEXTMARKET,1,183.82,5.0
NICEUCOS,2,19.655,4.5
NICHOSEXPRESS,1,144.15,5.0
NIEION,3,17.84,4.633333333333333
NIFA8254569,1,189.95,4.0
NIKI SHOP,1,101.21,5.0
NISIFULUOSAMIENTUOSIKELUSI,1,67.48,5.0
NIXEO,1,197.64,4.0
NORTIV8,1,41.62,4.5
NOVAKAMX,1,8.26,4.4
NOVAMLMX,1,21.96,4.5
NOVATEKMEXICO,1,98.75,4.6
NUBA,1,31.05,4.8
NUBE,32,81.46625,4.628125
NUBLONT,1,23.17,5.0
NUOYILUODELIGESI,1,19.78,4.2
NZXT,1,107.97,5.0
Nano Protect,1,81.7,4.5
Nanofort,10,181.224,4.68
Naturelab,1,22.0,4.4
Nebro,1,9.83,5.0
Negocell,2,674.96,4.8
Neutrogena,3,5.746666666666667,4.7
Nevashel,7,31.599999999999998,4.5285714285714285
New Balance,1,128.2,5.0
Nicole Lee,1,132.0,5.0
Nifty México,1,41.79,4.8
Nike,50,68.5116,4.754
Niquitin,1,13.77,4.6
Nivea,1,9.47,4.5
Nooz,1,108.42,4.6
OB SHOP,1,524.35,5.0
OBP COSMETICS,1,9.72,4.7
OBY,2,32.464999999999996,4.800000000000001
OFERTASDEBOLSILLO,1,184.59,5.0
OFERTASPERMANENTESPARATI,1,213.27,4.7
OFERTONER,2,14.605,4.75
OJO,2,30.835,4.550000000000001
OKAERI,1,9.16,4.7
OLIMITINSIGNIA,1,99.0,4.8
OLISABAOLISABA20230130101058,1,24.47,4.7
OM20240913233322,1,27.84,4.6
OMENJESOMENJE,1,34.82,4.4
OMIMOTO,1,118.7,4.6
ONAUTOPARTES,1,113.71,4.8
ONENAMEXICO,1,113.48,4.0
ONEWELL,2,122.82999999999998,5.0
ONEWORLD ELECTRONICS,2,54.894999999999996,4.8
ONGUARD,1,42.7,4.8
ONLINEORTO,13,182.58384615384617,4.723076923076923
OPCIONES PROMOCIONALES,1,21.85,4.6
OPEN STORE Motosports,1,35.59,4.7
OPERADORAOPERADORA202307031349,1,14.15,3.9
ORAL1464881,1,85.02,4.6
ORE,1,29.95,4.8
ORIGINALES PREMIUM,1,42.5,5.0
ORIGINALESORIGINALES2023042812,1,123.11,4.5
ORROHOME,2,27.314999999999998,4.85
ORTIZMARIA20230820220410,1,38.76,5.0
ORTOPEDIAMX,1,237.96,4.8
OTTOCAST,1,69.32,4.1
OUHAILINCHEN,1,14.85,4.6
OUO LIFE,3,61.663333333333334,4.7
OUO TATTOO,3,57.21666666666667,4.666666666666667
OUTLETCOMPUTERDEMEXICOSAD,1,133.32,4.0
Oakland,5,143.26,4.54
Oangcc Tablet,1,95.0,4.3
Ocre,1,33.6,4.0
Office Lab,1,17.53,4.9
Oka Sports,2,20.76,4.4
Omoyal Organica,1,16.29,4.8
Online Basics,2,94.75999999999999,4.95
Only Shop,2,4.025,4.65
Onmedics,1,71.25,4.3
Onof,3,309.15333333333336,4.5
Opps Jeans,2,11.025,4.6
Organic Nails,2,43.199999999999996,4.75
Orgu-Yo ¡Morelos!,3,23.959999999999997,4.866666666666667
Orgullo Puebla,1,23.23,4.4
Otra Volta,3,31.80333333333333,4.666666666666667
Oval Mexico,1,82.65,4.7
Oxford Polo Club,2,20.08,4.15
PADILALAPADILALA20221208183858,1,770.0,5.0
PAGUVI5.14,1,5.6,4.8
PALMERA MX,1,227.47,5.0
PANAKOSPLASMAMARINO,1,87.65,4.9
PANDARA MX,2,7.46,4.8
PANTALONESDEMAQUILADORA,1,66.33,4.0
PANTUCIELPANTUCIEL202307151457,2,45.620000000000005,4.5
PAPEL BONDMENDOZA,1,46.95,4.8
PARAPAQUETES,2,59.724999999999994,4.85
PARAZZINI,2,39.66,4.65
PARGRILLPARGRILL20230623150540,1,74.2,4.4
PARISUJRF,1,9.83,4.8
PARMOREFACCIONES,1,240.7,5.0
PARRIUNION MEXICO,1,379.95,4.2
PB20240912215957,1,18.5,4.6
PC ONETIJ,7,545.3585714285715,4.857142857142857
PC-ONE MEXICO,1,80.6,4.4
PC-ONE-LEON,1,202.5,4.3
PC.PLANETLIVE,1,67.45,5.0
PE Shop,9,122.79444444444445,4.677777777777778
PEACH HOUSE,6,49.625,4.833333333333333
PEJA20231220235703,1,186.86,5.0
PENGYOUYI SHOP,5,67.292,4.46
PEQUENO MONSTRUO,3,13.76,4.6000000000000005
PERFECT SHOP,4,32.5225,4.75
PERFECTPARTYALWAYSPERFECTPA,1,79.8,4.5
PETS APPAREL,3,21.733333333333334,4.7
PEZCONANTEOJOS,1,19.43,5.0
PHCHULES,1,42.27,5.0
PHELENSEYE,4,11.662500000000001,4.5
PHILIPSOFFICIAL,1,93.64,4.6
PIBILPAN OFICIAL,1,102.46,4.6
PICKMICH,1,9.73,4.8
PICOOL,6,37.16833333333333,4.7
PIDO TODO,5,87.31,4.64
PIELDELI,1,114.95,4.5
PIELESYCONFECCIONESARTESANOS,1,175.45,5.0
PINK UP COSMETICS,2,5.109999999999999,4.55
PINUODIUPINUODIU20230120185349,1,9.98,4.8
PJ20240827233907,1,15.27,4.7
PLAEANEAPLAEANEA,3,25.30333333333333,4.733333333333333
PLASTICOSPORRAS,1,84.83,4.8
PLAYERAS DE LEYENDAS MEXICO,1,26.08,4.9
PLAYERASYARVIST,1,9.41,4.9
PLAZA MUSICAL SINFONIA,1,353.39,4.9
PLUS POWER,1,99.86,4.6
PLUSANGELTECHNOLOGYSADECV,5,19.583999999999996,4.5
PMKIMPULSASADECV,1,23.04,4.7
POLARISPORTS,2,8.435,4.5
POLOMA,1,78.75,3.8
POLYLLANTAS Y SERVICIOS,1,94.16,5.0
PONGCIPONGCI20230122154953,1,52.88,3.9
POWCAN OFFICAL,1,13.33,4.9
POWER HUNT,3,83.96666666666665,4.366666666666666
PPS INJECTION,1,94.95,4.5
PRARDEAU,1,6.33,4.5
PREMIIUM HELMET,1,42.88,4.9
PRESIND PLÁSTICOS,1,109.25,5.0
PRO FERRETERIAS,1,199.72,4.5
PRODUCCTOSPRODUCCTOS2023070120,1,24.48,3.9
PRODUCTOS RTEG,1,28.45,4.6
PROEXCELINE,1,28.92,4.7
PROKEFIR,1,14.97,4.6
PROLAMI,1,149.95,4.2
PROMOCIONAVERDE,1,71.2,4.9
PROUTPROUT20220920172151,2,33.585,4.9
PROVEEDORASHONSHON,1,158.65,4.3
PROVEEDORESJOYEROS,2,65.12,4.75
PSMAGO,1,72.6,4.7
PUBLI MARCAS,5,400.826,4.7
PUGOOD,2,15.415000000000001,4.65
PULCRITBYMARLUPETS,1,26.55,5.0
PUNELMO,2,16.925,4.65
PUNING.MX,1,11.92,4.8
PUNKZZ,14,18.528571428571432,4.685714285714285
PUNTO AZUL,7,140.81142857142856,4.771428571428571
PURE COZY,1,94.58,4.8
PUUUMMULTIMEDIASADECVPUUUM,1,44.46,4.4
Pacrate,2,29.965,4.550000000000001
Panda Networks,1,135.85,4.5
Papubaby,1,29.67,4.9
Party Spot,1,44.82,5.0
Pattinaggio Roller,1,152.95,4.8
Pedigree,1,41.81,4.9
Perfect Sense,1,67.96,4.8
Philips,2,255.515,4.75
Pinturas Sensacolor,1,26.55,4.7
Pioneer,2,148.89,4.3
Pirma,1,40.81,4.7
Plastiapan,1,59.38,5.0
Platinum CDMX,1,31.83,4.8
Plásticos el Prado,2,13.940000000000001,4.5
Poco Official Global,4,49.4225,4.725
Power Boom,1,11.92,4.4
Power Legs,5,194.51799999999997,4.68
Practiksa,2,13.530000000000001,4.7
Price Shoes México,15,37.90866666666667,4.6866666666666665
Price Tech Store,1,632.47,5.0
Princo,12,99.64416666666666,4.725
Prinsel,1,79.96,4.8
Pro Work,4,29.8275,4.35
Probell,1,8.45,4.4
Prodynamics,1,110.35,4.7
Protecto Home,3,267.16333333333336,4.866666666666666
Proveedora Aramco,1,74.97,4.5
Provelta,1,32.15,4.9
Providencia,2,25.244999999999997,4.6
Puertas ICAS,1,304.4,4.6
Puma,4,56.955,4.95
Purely Organics,1,17.32,4.7
QATEO,1,80.95,3.8
QCY,2,28.39,4.55
QIANZHENIDSDS,1,14.98,4.8
QIIAOO_MX,2,19.675,4.800000000000001
QINMX,2,73.67,4.699999999999999
QIUQIUBAOQIUQIUBAO202303311657,2,16.380000000000003,4.699999999999999
QPERRÓN MX,1,65.56,4.7
QUEENSENSE COM MX,1,19.9,4.7
QUIMICAPURA1953,1,79.7,4.7
QUIRIAT_SANAX,1,7.41,4.6
QZY66MX,1,44.09,5.0
Quanna,1,7.87,4.4
Quotidien,1,64.33,4.8
RAAN8913415,1,128.2,5.0
RABSA REFACCIONARIA,1,28.97,4.7
RAGA LIGHTS,7,13.428571428571429,4.728571428571429
RAGA SPORTS,3,8.196666666666667,4.566666666666666
RAGA TOYS,14,37.48714285714285,4.6571428571428575
RAIWEE,1,13.47,4.6
RANK,2,13.5,4.55
RANOR_INFINITY,1,447.97,4.7
RAOSHIJIEDKES,1,37.9,4.8
RASHPROM.MX,1,77.83,4.9
RAUMAR,1,13.56,4.6
RCA,2,51.665000000000006,4.65
RCCOSMETICOMX,1,9.92,4.7
READYRICH,1,68.9,4.9
REAKO Tienda,2,43.105000000000004,4.8
REAL ALAS Boutique para bebés,1,25.84,5.0
REBEFOR,2,162.22,4.75
RED VELVET,8,161.74875,4.6125
REDLIZARD,1,74.77,5.0
REFA123.MX,1,33.2,4.0
REFACALEMANA,1,43.15,4.9
REFRIGERACIONPOLONORTE,1,279.96,5.0
REINO OFERTAS,1,5.55,4.7
RELOJESBIONET,1,29.67,4.5
RENJINSHOP,1,5.05,4.3
RENO,1,29.92,4.9
RESEE-MX,1,110.56,4.7
RESTSUKO,3,185.93999999999997,4.166666666666667
REXQUALISOFFICIALSTOREMX1,1,17.89,4.7
REYESSARA42,1,113.52,5.0
RHINOGAMEZ RHIDICO,1,64.56,5.0
RICARDOTAPIAHERNANDEZJ18,3,58.92333333333334,4.666666666666667
RICHMITTA,1,23.76,4.3
RICK 3.1416,1,84.96,4.6
RICOLIMERCHGLOBALGROUPSADE,1,84.96,4.8
RIDERONE1,1,149.95,4.8
RIMERORIMERO,1,71.22,3.6
RIN 21,3,85.61333333333334,4.7
RIRI20240118201919,1,37.95,5.0
RIVERAMARINALEXISMANUEL,1,33.71,4.4
RM20240614122107,1,35.7,4.0
RMC Guitars,1,171.56,4.5
ROANMISADECVROANMISADECV,1,28.26,5.0
ROAR MX,1,208.96,4.7
ROBO_LIGHTS,1,182.44,4.9
ROCHORROCHOR,1,21.15,4.9
ROCIOJULIETAFLORESLOPEZJ26,1,41.98,5.0
ROCL20240111231633,1,110.67,3.7
ROCR20240507234724,3,18.666666666666668,4.633333333333333
ROHNNACTIVIDADES,1,59.99,5.0
ROMANTIKA .925,1,125.96,5.0
ROMICOCOAR,2,34.07,4.699999999999999
ROSA JM,6,146.205,4.5
ROSALIA,1,45.46,4.6
ROUSAROROUSARO20221208171428,2,75.845,4.65
ROYAL BLACK,1,235.1,5.0
ROYALTECHPHONE,1,374.57,4.8
ROZETTE_PLASTICS,1,59.97,4.7
RR GADGETS,1,419.97,5.0
RS20240828231341,3,61.31666666666666,4.866666666666667
RSHOP.MX,1,298.95,4.6
RUDERUDEHUANG,2,12.06,4.55
RUMBO,2,100.77,4.550000000000001
RUNSA AUTOPARTES,1,13.49,4.9
RUOSASI SHOP,2,5.3100000000000005,4.55
RUSTICAAMBIENTAL,1,5.45,4.9
RY20241002014410,1,16.45,5.0
RYC Rompedoras y Compactadoras,2,214.815,4.95
RYNRY,1,33.71,4.9
Rack & Pack,5,100.958,4.6
Racotex,2,11.120000000000001,4.449999999999999
Radiadores Frontera,1,86.36,4.3
Raga Net,15,45.95066666666666,4.64
Raiker,1,277.83,4.3
Realme,4,186.535,4.625
Redlemon,1,17.62,4.7
Restonic,4,210.3775,4.775
Reuse,2,108.355,4.5
Rheem Mexico,2,205.78500000000003,4.9
Rimax México,4,97.95,4.825
Rose Impact,1,28.1,4.6
Rovtop,2,22.455,4.7
SAAL7340310,1,82.07,4.2
SAGE20240111234245,2,113.735,4.300000000000001
SAKURAMUNDO,2,27.39,4.699999999999999
SALES ONLINE,2,127.85499999999999,4.4
SALESANDLOGISTICS,1,178.92,4.9
SALOME LASHES,1,5.97,4.8
SALTERNA,1,118.27,5.0
SANCAIMX1,1,11.62,4.6
SANDYCRUZARELLANO,1,5.88,4.7
SANSASTOREMX,2,18.935000000000002,4.65
SANSTORE,1,179.31,4.8
SANSUI,1,122.46,4.8
SANTANITASANTANITA2023,2,50.935,4.15
SANTIAGO CABALLERO,1,27.55,4.4
SANTONGXIAO,3,23.040000000000003,4.666666666666667
SAPRO,2,107.66,4.85
SARG SUMINISTROS INDUSTRIALES,3,214.92,4.8
SAS TECNOLOGIA,2,103.31,4.8
SASHABEAUTYMXF,1,32.84,4.8
SCENTEDSCENTED20230504193826,1,64.97,5.0
SCHETEC,1,59.98,5.0
SCROBETECHSCROBETECH2023011014,5,7.601999999999999,4.540000000000001
SEA BRAZIL,5,22.178,4.64
SEGURITO,3,19.51,4.666666666666667
SELLERBRO,1,113.2,4.9
SERFERSERFER20230606194216,1,14.99,4.4
SERGIOKURILOPEZ,1,9.39,3.5
SES UNIFORMS,1,65.09,4.9
SEVENAT,1,36.19,4.4
SHANGS MX,1,84.11,5.0
SHANMUS TIENDA,1,29.22,4.7
SHAPIRSTORE,4,27.6175,4.8
SHERRYZZZ,1,64.48,4.5
SHICHENSHEN,1,89.97,5.0
SHOESYLOGISTIC,1,59.96,4.9
SHOP CLUBMX,1,292.05,5.0
SHOP.CREATUPLAYERA.MX,1,38.59,4.5
SHOPEAME MX,2,39.3,4.8
SHSH20240115165905,1,28.15,4.0
SHUANGRDE SHOP,1,12.29,4.8
SHUOLESHUOLE,1,42.63,5.0
SHUYEXISHUYEXI20230426175959,4,19.755,4.9
SICKPACK MX,2,37.505,4.5
SIDSYS,3,35.57666666666667,4.633333333333333
SIETELEGUASORIGINAL,1,118.3,4.8
SIGNA,6,138.54999999999998,4.566666666666666
SILKSHOP,3,34.373333333333335,4.1000000000000005
SILYMX,1,243.39,5.0
SINAI DELI BAKERY,1,145.78,5.0
SINPANSINPAN20230508224623,1,17.02,4.6
SISTEMASBEDCOVERDEMEXICOSADECV,1,29.85,4.7
SIT Global,3,142.01333333333335,4.766666666666667
SKP,3,35.163333333333334,4.6000000000000005
SKRANTECSKRANTEC20230626193317,1,4.92,4.4
SKULULU,1,8.33,4.2
SMART LIFE MARKET,1,34.46,4.9
SMARTLIFEMX4,3,94.41000000000001,4.633333333333334
SMUM,1,13.94,4.3
SNEAKERS BAZAN,1,185.2,4.7
SOEDFRTGY,1,8.94,5.0
SOFIAIJTG,1,4.49,4.6
SOHRELIA PERFUMERIA,2,193.22,4.4
SOLARE,2,13.15,4.25
SOLIMODERM,2,137.27,4.699999999999999
SOLO-OFERTAS,2,68.69,4.699999999999999
SOLUCHEF,3,161.45333333333332,4.433333333333334
SOLUCIONESHANJI,1,19.95,5.0
SOLUCON_SIKA_CENTER_AUTORIZADO,1,76.43,4.8
SOLUTIONSSOLU,1,28.9,4.0
SOMOS MUEBLES,1,68.26,4.5
SOMOS-REYES OFICIALES,1,86.97,5.0
SOMOSTACTICOSMX,1,204.65,4.9
SONARMX,1,70.98,4.7
SONGMICS HOME,6,58.79666666666666,4.933333333333334
SOUNDSOLUTION,2,98.435,4.8
SPIEZ,1,24.36,4.6
SPORTIRES,1,150.24,4.8
SPORTSHAVE_S_DE_RL,1,98.36,5.0
SPORT_SOLUTIONS,1,65.25,5.0
SPURA INTERNACIONAL SA DE CV,2,115.16999999999999,4.550000000000001
SRIARGENMEX20220702101628,1,404.95,5.0
STATUS MARKET,15,84.48533333333333,4.633333333333334
STEELPRO,11,114.7,4.490909090909091
STEELPRO TECHNOLOGIES,13,141.5946153846154,4.661538461538462
STEFANO ZANNI,1,79.93,4.7
STONEBANKSMX3,1,10.56,4.7
STRATEGY,1,26.38,5.0
STRONG LIFT WEAR,3,12.15,4.333333333333333
STYRKA,9,53.781111111111116,4.577777777777778
SUDAR AYE,2,18.805,4.35
SULIAOPU,1,11.18,4.6
SULTÁN BARBÓN,1,95.94,4.4
SUMAS202303028,1,7.25,5.0
SUMATESUMATE20221104234849,8,64.28875,4.75
SUMINISTRADORESPOSASUMINISTRA,1,57.97,4.7
SUMINISTROSEN,1,91.0,5.0
SUNDAR STORE,1,94.01,5.0
SUNFINY,1,24.8,4.9
SUNSHINE MX,6,33.67166666666667,4.816666666666666
SUONIYASHOPSUONIYASHOP,1,92.48,4.8
SUOSDEY STORE,1,12.97,4.8
SUPER BLANCOS,1,9.24,4.8
SUPERCERCADOS,2,74.79,4.55
SUPERSUPER20230122125629,1,32.4,4.6
SUPLEMENTOSAGPERSEA,1,38.95,4.7
SUPRA,6,261.825,4.666666666666667
SUPREMO CLEAN,1,49.76,4.7
SURESUNL-MXF,1,13.23,3.8
SURTERAPIDO,1,122.45,4.9
SURTIDORA DEL PASTELERO,1,199.46,4.9
SURTIDORA ELECTRONICA,11,103.97636363636364,4.663636363636363
SUSU1596661,1,7.41,4.8
SVBINSUMOS,1,19.5,4.6
SYMBOSYMBO,1,240.92,5.0
Saisa Herbal,1,14.56,4.7
Saiviek Shop,2,21.935000000000002,4.550000000000001
Salome Lashes,1,11.06,4.9
Salud 360°,7,54.705714285714286,4.714285714285714
Samsonite,2,87.37,4.55
Samsung,3,423.17,4.7
SanFoods,1,12.49,4.7
Sandisk,5,54.71,4.86
Sangkee,4,94.46,4.725
Santurino,5,41.37,4.74
Score Expertos en Deportes,3,213.16,5.0
Seguridad Total,3,64.13,4.6000000000000005
Select Sound,2,55.805,4.5
Selectshop MX,59,49.201186440677965,4.491525423728813
Sennheiser,1,149.06,5.0
Shark Ninja,2,216.98499999999999,4.800000000000001
Shendy Vendy Oficial,12,12.649999999999999,4.291666666666667
Shimano MX,1,27.96,4.8
Shizi Trading,9,131.68555555555557,4.811111111111111
Shop Inc,1,9.39,4.4
Shop X,21,366.2604761904762,4.619047619047619
ShopMall,9,58.23444444444445,4.677777777777778
Shopmee,4,21.565,4.6499999999999995
Signature Sleep,7,225.61999999999998,4.342857142857143
Silhouette,2,437.46,4.9
Sinaloa Impulsa,1,37.33,4.6
SkinDermaLab,4,25.105,4.625
Skindion,3,57.053333333333335,4.666666666666667
Slang,17,84.07705882352941,4.835294117647059
Smar Tiendas oficiales,1,132.6,5.0
Sognare,7,81.78857142857143,4.642857142857143
Sollile Pharma Expert,1,80.75,5.0
Somos Reyes,1,46.77,4.4
Sonar,2,229.61,4.2
Soulmate,2,33.16,4.75
Soundstream,3,32.0,4.666666666666667
Speedo,1,107.96,5.0
Sporta,4,49.6175,4.8
Sportswearmx,8,88.84875,4.825
Spring Air,4,162.845,4.5
Spring Air Blancos,1,30.76,4.7
SriHome,3,65.37666666666667,4.766666666666667
Stark7,1,241.04,4.4
Stay Elit,4,45.215,4.55
Steren,3,55.60333333333333,4.733333333333333
Stone Banks,1,7.04,4.4
Stylos,2,126.17,4.7
Subli Go,6,95.69166666666666,4.633333333333333
Sun Star,1,359.91,5.0
Sunoffer Supermercados,12,45.09,4.491666666666666
Suplefit MX,3,25.903333333333336,4.733333333333333
Surte Shoes,2,81.89,4.1
T-LAB,6,26.488333333333333,4.483333333333333
T-fal,6,51.06666666666666,4.6499999999999995
T.INTERSALES,1,144.97,5.0
TAFKIDS,2,20.33,4.65
TAISHIXINTECHNOLOGYTAISHIXIN,1,5.45,4.2
TAIWALL,2,115.875,4.75
TAKASHI,4,79.85499999999999,4.5
TAKECAREBEAUTY,1,32.77,4.5
TAKSTAR,1,31.6,4.5
TAL COMERCIALIZADORA,6,126.83333333333333,4.783333333333333
TANIABRAUSGARCIA,2,16.795,4.6
TARJONTA,1,19.84,4.4
TARPSUPPLIES,1,184.95,4.9
TARTUFO49,1,135.64,4.7
TATADETATADE20230214134627,2,35.910000000000004,4.550000000000001
TCS230623QAATCS230623QAA202306,1,8.96,4.5
TEC4US,2,135.415,4.25
TECARED,1,136.8,4.7
TECEPO,2,53.715,4.6
TECHNO STOCK,1,155.46,4.9
TECHNOZONE,2,166.39,4.55
TECK-STOCK MX,1,23.45,4.8
TECNEU TECHNOLOGY,1,116.38,4.8
TECNOAYUDA.MX,2,80.65,4.800000000000001
TECNOLAM,3,176.9,4.733333333333333
TECNOLOGI LAMGOA,1,26.0,4.5
TECNOPLANET MEXICO,1,113.95,4.9
TECNOSERVICIO CYG,1,237.25,4.4
TECNOSOCKS,1,7.86,4.8
TECNOTURQUESATECNOTURQUESA2023,1,46.5,4.6
TECNOVACION,1,6.21,4.8
TEJADILLATEJADILLA202304212044,1,5.47,4.8
TEJIDOSINDUSTRIALESSIMA,2,69.735,4.4
TEKERMX1,1,21.62,4.8
TEKKNOSHOP,1,35.91,4.7
TEKSHOP,1,565.46,4.9
TEKSPEED,22,407.36,4.745454545454546
TELLUDO COMERCIALIZADORA,1,79.32,4.0
TEMUCO,2,36.98,4.45
TENIS MOY,3,67.69,4.666666666666667
TEPEHUANASADECV,1,11.81,4.8
TERAMI,1,25.45,4.8
TERPORT,1,89.95,5.0
TEXANO AUTOPARTES,1,168.21,4.7
TEYESITEYESI2023,1,9.92,4.6
TGCFBWJJV587,1,90.2,4.8
THAITHAI20230624183023,1,5.71,4.7
THANYADESHOPTHANYADESHOP,1,10.2,4.7
THATS_COOL,3,68.3,4.633333333333333
THE.HALAN.STORE,1,17.53,4.6
THEFRAGANCEOFICIAL,1,30.0,4.3
THUNDEROBOT OFFICIAL STORE,1,24.78,4.9
TIA ALIMENTOS,3,69.12333333333333,4.466666666666667
TIANHTECHNOLOGYLIMITEDSADE,1,39.56,4.7
TIANTIANDETIANTIANDE2022092216,1,83.74,4.7
TIEND-ON MX,3,44.77333333333333,4.833333333333333
TIENDAGRUPOJUSTBH,1,140.12,5.0
TIENDAINSIGNIADEHISEMY,1,8.05,4.5
TIENDAOFICIAL LUMOKU,2,13.600000000000001,4.4
TIENDAOFICIALH,2,7.41,4.5
TIENDAOFICIALLAWUTO,3,20.226666666666667,4.7
TIENDAOFICIALXIN,1,7.37,4.7
TIENDAS GOSH,1,83.08,4.8
TIENDITA-ONLINE,1,167.44,4.0
TIENDITA_ONLINE_CENTRAL,1,178.27,5.0
TIERRADECOLORES MX,1,47.77,4.3
TIGERNU MX,1,44.13,5.0
TINKOS.MX,1,656.38,4.6
TIRO DEPORTIVO MX,7,187.57857142857142,4.785714285714286
TIROON,1,8.0,4.8
TISHENGMEXICO,1,64.48,5.0
TOCTOC,7,255.4557142857143,4.3
TODASFULLMX,1,72.12,5.0
TODOSTORE1,1,67.16,4.5
TOMZN MEXICO,1,13.68,4.7
TONY ESTORE,1,299.2,4.5
TOOLSSOLUTIONMX,1,137.24,4.8
TOPIA SHOP,1,114.36,4.9
TOPWIRE,2,74.66,4.9
TOSKO OFICIAL,1,33.25,4.5
TOTODIGITAL,3,8.376666666666667,4.666666666666667
TOYSJENMA,1,59.77,4.9
TQMANNY141086,1,52.25,4.0
TRAILER MART.MX,3,95.97666666666665,4.933333333333334
TRAMOSASTRAMOSAS,1,69.92,4.8
TRENT,3,48.47333333333333,4.733333333333333
TRESAGUILASCOOTER,1,332.45,5.0
TRIANGLE SHOP,1,19.88,4.8
TRIPPABCDEFGSHOPTRIPPABCDEFGSH,2,44.665,4.35
TROGOLEROTROGOLERO202212021428,1,64.35,4.6
TRON_LIDER_ELECTRO_INDUSTRIAL,1,341.62,5.0
TROPIC ZAPATERIAS,7,43.06142857142857,4.614285714285714
TRUINSTHAT,1,87.49,4.8
TTTTSHOP,2,32.379999999999995,4.8
TUCONSTRUYESPUNTOCOM,1,90.0,4.6
TUDISFRAZ,3,23.756666666666664,4.633333333333334
TUDISFRAZPUNTOCOMPUNTOMX,4,20.91,4.8
TUDISFRAZ_MX_,2,19.73,5.0
TUJOVA,2,46.370000000000005,4.550000000000001
TYCCFMX,2,65.985,4.5
TYPICALLYSHOP,1,13.41,4.2
Tauber,1,91.22,4.6
Techmakro,2,113.46,4.699999999999999
Tecnolite,1,35.8,5.0
Tecnowire,1,381.75,4.8
Teknes,1,69.31,4.6
Telmov,10,104.579,4.64
Tenda,1,56.95,4.3
Tensky,1,10.46,4.4
The Fragrance,14,48.857142857142854,4.535714285714286
The North Face,1,148.05,5.0
The X Spot,3,20.653333333333332,4.8
TheShop,1,199.73,4.6
Tienda Aoku,1,87.35,4.7
Tienda Canon,4,643.8375,4.9
Tienda DOMI,4,62.339999999999996,4.675
Tienda Médica 4U,1,7.35,4.8
Tienda Newsan,2,187.445,4.85
Tienda Oficial Pedidos Com,4,334.6425,4.725
Tienda del Edoméx,1,144.26,4.4
Tikun,1,39.46,4.0
Todo lo Encuentro en CDMX,1,63.65,4.5
Tony Moly,1,15.96,4.6
Top Living,9,72.52333333333334,4.711111111111111
Tramontina,2,60.209999999999994,4.9
Travim,1,194.0,4.8
Tres Siglos,2,90.72999999999999,4.65
Trixter limited company,2,36.72,4.5
Tronsmart,2,166.58,4.8
Tutto Bike,2,187.41,4.65
ULEFONE,1,496.92,4.0
UNA PEQUENATIENDA,1,24.86,4.3
UNICOFAM LAS MEJORES MARCAS,1,39.99,4.4
UNIFORMESJUST,1,33.96,4.7
UNIONHOMEMX,2,36.32,4.55
UNLIMITS TOOLS,1,247.8,4.1
UNOPC,1,674.96,5.0
UNUNMX1,3,10.083333333333334,4.7
URBAN FIT,1,28.45,4.7
URBAN OUTDOOR,3,109.98666666666668,4.733333333333333
UTIL VMINGO,3,5.766666666666667,4.666666666666667
UUPZ,1,64.6,4.9
Ukw shoe outlet,2,67.32000000000001,4.75
Under Armour,1,162.7,4.8
Uniarch,1,78.64,5.0
Uniformes Bárbara,5,18.02,4.7
Unyotons,2,107.57999999999998,4.65
V INNOVATION,1,33.74,4.5
VAGOLEROVAGOLERO20221202150356,3,95.77,4.866666666666666
VALENCIAVALENCIA20230728212818,1,602.37,4.8
VALORVALOR20230629150038,1,49.47,4.8
VANLIG,4,140.69,4.9
VANLIG1 MX,2,171.04500000000002,4.5
VANMATECHINTERNACIONALGR,1,33.21,4.5
VANOW,9,16.087777777777777,4.722222222222222
VARIEDAD EN HERRAJES,1,71.96,5.0
VASANT AUTOPARTES,5,109.348,4.76
VASOYO,1,37.0,4.0
VAXININAVAXININA,1,40.46,4.4
VELASIKESI SHOP,1,66.16,4.9
VELOCIDADYMOTOCICLISMODESA,1,133.38,5.0
VENAKON,4,52.825,4.65
VENTAS FIRESPORTS,1,167.16,4.8
VENTAS JAJO,1,37.5,4.6
VENTASCLUBCOMPAIA,1,132.95,4.6
VENTASMEDICAS ORTEGA,1,89.54,4.5
VENTASMOTMX,1,49.47,4.4
VENTASONLINECASTROC,1,44.13,4.5
VENTASONLINEDOVAK,1,132.95,5.0
VENTAS_OFFICE,1,113.95,4.8
VENTECK,3,142.08333333333334,4.6000000000000005
VFVF20240124195445,1,89.59,4.9
VG20240820225153,1,74.96,5.0
VICA DELICIAS,2,26.545,4.8
VIDPROMEX,1,270.75,4.7
VIGA MX,1,65.0,4.9
VIKIKICOMMERTECHNOLOGY,1,9.82,4.4
VILDEGARCIAZVILDEGARCIAZ202303,1,89.45,4.3
VIMACAUTOMOTRIZ.COM,2,501.1,4.65
VIRI VIRIS,1,15.47,4.5
VITTORIO FORTI,1,150.0,5.0
VIVA3332853,1,81.7,4.1
VJTRUCK - México,1,231.3,4.0
VMINGO,4,50.1425,4.8
VOLTMEX,7,41.65,4.685714285714285
VOPO,4,293.83,4.65
VORALLY,1,134.75,3.7
VORSTELLUNG,1,21.41,4.7
VOTAGOO,1,101.67,4.8
VPTIENDA,1,288.82,4.7
VRVR20240214155232,1,24.73,4.4
VSAP,2,481.73,4.55
VTOMAN,3,92.06,4.833333333333333
VYR EQUIPODECOMPUTO,3,348.2833333333333,4.3999999999999995
Vans,2,62.955,4.95
Vencort,1,28.76,4.9
Vendemos Vino,2,21.35,4.9
Ventronic,1,148.41,4.9
Vetega,1,13.73,4.5
Vichy,2,20.585,4.8
Vida Vehículo,1,14.81,4.4
VidaVerde Moda y Tecno,1,4.9,4.3
Viny Electric,14,23.763571428571428,4.692857142857143
Virtual Demand,3,145.6,4.666666666666667
Virtual Zone,1,49.95,4.7
Vitapharma,1,17.08,4.8
Vitatu,1,47.12,4.8
Vitazone,3,70.71,4.766666666666667
Voltti,2,151.0,4.4
Vía Láctea,1,11.68,4.8
WALELEGA,1,116.1,4.3
WALUOLANTE,2,66.58,4.699999999999999
WANGFAN SHOP,1,4.87,4.6
WANJIETIENDA,1,37.95,4.8
WANJITIENDA,4,9.5875,4.7
WARUILI,2,10.185,4.65
WASMAX TIENDA,1,39.96,4.7
WATUSI SPORTS,1,30.18,4.7
WEIDE MX,1,25.71,4.5
WEIJINYTRE,2,47.175,4.05
WEITAI Tienda,1,82.58,4.5
WELDMON.MX,1,6.57,4.4
WELUVFITMX,1,57.48,4.5
WERTHWERTH,4,9.32,4.8
WESTERN MEXICO,1,79.95,5.0
WEYON,2,186.655,4.4
WHITELIRIOTECHNOLOGY,1,97.96,5.0
WINESHOPMC2,1,32.05,4.7
WINMEX,2,106.31,4.65
WISTKAMR,1,10.77,4.7
WKL,1,99.7,4.6
WOW GROUP,2,72.28,4.4
WOW REVEAL,1,9.95,4.7
WRK,1,99.7,5.0
WULIEERWULIEER20230314150439,1,19.5,4.7
WW ROPA,1,19.73,4.3
WYUISU,3,47.556666666666665,4.766666666666667
Wanbo,2,294.25,4.65
WatchSalas,1,185.95,5.0
WeatherTech México,1,260.55,4.9
Wellspring,3,112.63333333333333,4.433333333333334
Wesell,1,39.0,4.8
Whirlpool,12,410.45166666666665,4.641666666666667
White Moon,2,71.66,4.35
White Shark Tiendas oficiales,2,86.965,5.0
Wilson Sports Center,1,13.46,4.2
Wim Tech de México,5,414.802,4.76
WolfTattoo,1,137.86,4.7
Woodpecker,4,649.55,4.825
Workland,1,45.19,4.6
X Select Shop,1,23.01,5.0
X- SHADOW,1,14.15,4.0
X1TECH,1,8.94,5.0
XALLY MX,1,14.15,4.1
XBULL,1,83.0,4.7
XE Seguridad,4,128.465,4.7
XGODY,1,93.96,5.0
XIANGJIANGBEI,1,80.47,4.4
XIANGLAXIAOYS,1,154.19,3.7
XIHU20240315133926,1,8.72,4.5
XIIRD,1,284.95,4.8
XILUXI SHOP,1,10.65,4.8
XINEST,1,52.6,4.8
XINSHENGSHIXINSHENGSHI,1,24.2,4.6
XINTRELIA,1,9.56,4.8
XIUXIDE VENTAS,1,13.72,5.0
XIWENLASXIWENLAS20230705171230,2,8.754999999999999,4.65
XIWENLASXIWENLAS20230705173125,1,6.96,4.5
XTREMETEC PC,7,74.48142857142857,4.785714285714286
XTUGA ELECTRO,1,89.96,4.6
XUIWODXUIWOD,1,6.6,4.4
XUJANMX3,1,51.1,4.7
XUJINNETWORKTECHNOLOGY,2,26.0,4.449999999999999
XUNDEFINED,1,53.48,4.8
XUXPANXUXPAN20230131101821,1,8.46,4.0
XYWSL,1,9.5,4.8
Xiaomi,16,85.07875,4.76875
Xtreme Life,2,138.475,4.4
Xtreme PC,4,414.855,4.675
YACONTROCOYACONTROCO2022112214,1,8.96,4.8
YADIRAMARGARITAGARCIAHEREDIA,2,80.7,5.0
YAFAIXCVB,1,9.98,4.9
YAMEL HOGAR,4,20.825,4.3
YAMI5910669,1,15.85,5.0
YAOJISHOP,1,24.77,5.0
YCRIGNS,2,14.93,4.5
YEI,4,112.12,4.55
YENFLEURYENFLEUR20230710135152,3,78.76333333333334,4.666666666666667
YEVERSMALES,2,148.385,4.5
YICIERHAMAILANIAERWALEISI,1,44.68,4.7
YIDALIMA SHOP,1,24.46,4.7
YIDEMX,1,54.58,4.7
YIM SPORTS,4,98.83250000000001,4.625
YIVUMONONA,1,39.96,4.7
YIZHUZIYIZHUZI20230426144732,1,72.27,3.5
YOBETT2023,1,7.98,4.7
YOBOHASADECVYOBOHASADECV,1,13.41,4.8
YOOKIETECHC,1,49.2,4.6
YOOSHI.MX,1,11.88,4.5
YORGIO STORE,1,10.88,4.7
YOULIXISIYOULIXISI202210261441,2,130.68,4.6
YOYOYA3,1,19.96,5.0
YQ2JORGEZUIS,1,16.33,4.8
YSH230218NA3YSH230218NA3202303,1,10.76,4.9
YUANNA,5,51.162,4.8
YUEHANZIYUEHANZI20230109152901,1,53.9,5.0
YUGUOHOMEMX,1,8.8,4.8
YUJIANSHI,1,14.44,3.5
YUMDIN OFFICIAL,1,89.28,4.5
YVBH,1,84.13,5.0
YWHEYIMX,1,21.92,4.7
YXHSHOOP,1,43.64,4.0
YYUgolo Tienda,10,30.77,4.470000000000001
Yadatex,1,61.16,4.7
YapanizCel,2,6.164999999999999,4.6
You By Nova Volta,3,43.13999999999999,4.666666666666667
ZAJO746182,1,37.0,4.9
ZAMLOCERZAMLOCER20230209234127,2,16.265,4.699999999999999
ZAPATERIA BLACKFOUR,3,118.82,4.966666666666667
ZELUCASH MX,1,311.46,5.0
ZENKOSHOP,1,19.58,4.9
ZHANGKAIMX1,1,8.01,4.5
ZIXINGCHE VENTAS,1,7.0,4.8
ZLINGMX1,1,25.44,5.0
ZOLENO,1,19.25,4.4
ZOMILUX,2,44.370000000000005,4.7
ZSSHUSHIJIAMXF,1,13.76,4.5
ZUMYVENTAS,1,39.56,4.8
ZUOERMOZUOERMO20230428194548,1,9.85,4.4
Zinus,1,179.77,5.0
adidas,73,57.118767123287675,4.743835616438356
cascos para moto y accesorios,6,62.32,4.783333333333333
eFerre,1,81.66,4.8
ecofiltro,1,114.0,4.8
escom,2,106.955,4.9
lea sports,18,63.40555555555555,4.816666666666666
motek,2,195.95999999999998,4.4
mundo del audio,2,26.21,4.8
sakura petto,1,50.0,5.0
tiendaoficialmktan5003,2,9.66,4.65
tinta y toner magic colors,1,14.96,4.9
wehogar,1,34.53,4.5
